global_reco_bin,true_bin_000,true_bin_001,true_bin_002,true_bin_003,true_bin_004,true_bin_005,true_bin_006,true_bin_007,true_bin_008,true_bin_009,true_bin_010,true_bin_011,true_bin_012,true_bin_013,true_bin_014,true_bin_015,true_bin_016,true_bin_017,true_bin_018,true_bin_019,true_bin_020,true_bin_021,true_bin_022,true_bin_023,true_bin_024,true_bin_025,true_bin_026,true_bin_027,true_bin_028,true_bin_029,true_bin_030,true_bin_031,true_bin_032,true_bin_033,true_bin_034,true_bin_035,true_bin_036,true_bin_037,true_bin_038,true_bin_039,true_bin_040,true_bin_041,true_bin_042,true_bin_043,true_bin_044,true_bin_045,true_bin_046,true_bin_047,true_bin_048,true_bin_049,true_bin_050,true_bin_051,true_bin_052,true_bin_053,true_bin_054,true_bin_055,true_bin_056,true_bin_057,true_bin_058,true_bin_059
0,0,0,0,0,0,0,0,0,0,0,0,0,0,0,0,0,0,0,0,0,0,0,0,0,0,0,0,0,0,0,0,0,0,0,0,0,0,0,0,0,0,0,0,0,0,0,0,0,0,0,0,0,0,0,0,0,0,0,0,0
1,0,0,0,0,0,0,0,0,0,0,0,0,0,0,0,0,0,0,0,0,0,0,0,0,0,0,0,0,0,0,0,0,0,0,0,0,0,0,0,0,0,0,0,0,0,0,0,0,0,0,0,0,0,0,0,0,0,0,0,0
2,0,0,0,0,0,0,0,0,0,0,0,0,0,0,0,0,0,0,0,0,0,0,0,0,0,0,0,0,0,0,0,0,0,0,0,0,0,0,0,0,0,0,0,0,0,0,0,0,0,0,0,0,0,0,0,0,0,0,0,0
3,0,0,0,0,0,0,0,0,0,0,0,0,0,0,0,0,0,0,0,0,0,0,0,0,0,0,0,0,0,0,0,0,0,0,0,0,0,0,0,0,0,0,0,0,0,0,0,0,0,0,0,0,0,0,0,0,0,0,0,0
4,0,0,0,0,0,0,0,0,0,0,0,0,0,0,0,0,0,0,0,0,0,0,0,0,0,0,0,0,0,0,0,0,0,0,0,0,0,0,0,0,0,0,0,0,0,0,0,0,0,0,0,0,0,0,0,0,0,0,0,0
5,0,0,0,0,0,0,0,0,0,0,0,0,0,0,0,0,0,0,0,0,0,0,0,0,0,0,0,0,0,0,0,0,0,0,0,0,0,0,0,0,0,0,0,0,0,0,0,0,0,0,0,0,0,0,0,0,0,0,0,0
6,0,0,0,0,0,0,0,0,0,0,0,0,0,0,0,0,0,0,0,0,0,0,0,0,0,0,0,0,0,0,0,0,0,0,0,0,0,0,0,0,0,0,0,0,0,0,0,0,0,0,0,0,0,0,0,0,0,0,0,0
7,0,0,0,0,0,0,0,0,0,0,0,0,0,0,0,0,0,0,0,0,0,0,0,0,0,0,0,0,0,0,0,0,0,0,0,0,0,0,0,0,0,0,0,0,0,0,0,0,0,0,0,0,0,0,0,0,0,0,0,0
8,0,0,0,0,0,0,0,0,0,0,0,0,0,0,0,0,0,0,0,0,0,0,0,0,0,0,0,0,0,0,0,0,0,0,0,0,0,0,0,0,0,0,0,0,0,0,0,0,0,0,0,0,0,0,0,0,0,0,0,0
9,0,0,0,0,0,0,0,0,0,0,0,0,0,0,0,0,0,0,0,0,0,0,0,0,0,0,0,0,0,0,0,0,0,0,0,0,0,0,0,0,0,0,0,0,0,0,0,0,0,0,0,0,0,0,0,0,0,0,0,0
10,0,0,0,0,0,0,0,0,0,0,0,0,0,0,0,0,0,0,0,0,0,0,0,0,0,0,0,0,0,0,0,0,0,0,0,0,0,0,0,0,0,0,0,0,0,0,0,0,0,0,0,0,0,0,0,0,0,0,0,0
11,0,0,0,0,0,0,0,0,0,0,0,0,0,0,0,0,0,0,0,0,0,0,0,0,0,0,0,0,0,0,0,0,0,0,0,0,0,0,0,0,0,0,0,0,0,0,0,0,0,0,0,0,0,0,0,0,0,0,0,0
12,0,0,0,0,0,0,0,0,0,0,0,0,0,0,0,0,0,0,0,0,0,0,0,0,0,0,0,0,0,0,0,0,0,0,0,0,0,0,0,0,0,0,0,0,0,0,0,0,0,0,0,0,0,0,0,0,0,0,0,0
13,0,0,0,0,0,0,0,0,0,0,0,0,0,0,0,0,0,0,0,0,0,0,0,0,0,0,0,0,0,0,0,0,0,0,0,0,0,0,0,0,0,0,0,0,0,0,0,0,0,0,0,0,0,0,0,0,0,0,0,0
14,0,0,0,0,0,0,0,0,0,0,0,0,0,0,0,0,0,0,0,0,0,0,0,0,0,0,0,0,0,0,0,0,0,0,0,0,0,0,0,0,0,0,0,0,0,0,0,0,0,0,0,0,0,0,0,0,0,0,0,0
15,0,0,0,0,0,0,0,0,0,0,0,0,0,0,0,0,0,0,0,0,0,0,0,0,0,0,0,0,0,0,0,0,0,0,0,0,0,0,0,0,0,0,0,0,0,0,0,0,0,0,0,0,0,0,0,0,0,0,0,0
16,0,0,0,0,0,0,0,0,0,0,0,0,0,0,0,0,0,0,0,0,0,0,0,0,0,0,0,0,0,0,0,0,0,0,0,0,0,0,0,0,0,0,0,0,0,0,0,0,0,0,0,0,0,0,0,0,0,0,0,0
17,0,0,0,0,0,0,0,0,0,0,0,0,0,0,0,0,0,0,0,0,0,0,0,0,0,0,0,0,0,0,0,0,0,0,0,0,0,0,0,0,0,0,0,0,0,0,0,0,0,0,0,0,0,0,0,0,0,0,0,0
18,0,0,0,0,0,0,0,0,0,0,0,0,0,0,0,0,0,0,0,0,0,0,0,0,0,0,0,0,0,0,0,0,0,0,0,0,0,0,0,0,0,0,0,0,0,0,0,0,0,0,0,0,0,0,0,0,0,0,0,0
19,0,0,0,0,0,0,0,0,0,0,0,0,0,0,0,0,0,0,0,0,0,0,0,0,0,0,0,0,0,0,0,0,0,0,0,0,0,0,0,0,0,0,0,0,0,0,0,0,0,0,0,0,0,0,0,0,0,0,0,0
20,0,0,0,0,0,0,0,0,0,0,0,0,0,0,0,0,0,0,0,0,0,0,0,0,0,0,0,0,0,0,0,0,0,0,0,0,0,0,0,0,0,0,0,0,0,0,0,0,0,0,0,0,0,0,0,0,0,0,0,0
21,0,0,0,0,0,0,0,0,0,0,0,0,0,0,0,0,0,0,0,0,0,0,0,0,0,0,0,0,0,0,0,0,0,0,0,0,0,0,0,0,0,0,0,0,0,0,0,0,0,0,0,0,0,0,0,0,0,0,0,0
22,0,0,0,0,0,0,0,0,0,0,0,0,0,0,0,0,0,0,0,0,0,0,0,0,0,0,0,0,0,0,0,0,0,0,0,0,0,0,0,0,0,0,0,0,0,0,0,0,0,0,0,0,0,0,0,0,0,0,0,0
23,0,0,0,0,0,0,0,0,0,0,0,0,0,0,0,0,0,0,0,0,0,0,0,0,0,0,0,0,0,0,0,0,0,0,0,0,0,0,0,0,0,0,0,0,0,0,0,0,0,0,0,0,0,0,0,0,0,0,0,0
24,0,0,0,0,0,0,0,0,0,0,0,0,0,0,0,0,0,0,0,0,0,0,0,0,0,0,0,0,0,0,0,0,0,0,0,0,0,0,0,0,0,0,0,0,0,0,0,0,0,0,0,0,0,0,0,0,0,0,0,0
25,0,0,0,0,0,0,0,0,0,0,0,0,0,0,0,0,0,0,0,0,0,0,0,0,0,0,0,0,0,0,0,0,0,0,0,0,0,0,0,0,0,0,0,0,0,0,0,0,0,0,0,0,0,0,0,0,0,0,0,0
26,0,0,0,0,0,0,0,0,0,0,0,0,0,0,0,0,0,0,0,0,0,0,0,0,0,0,0,0,0,0,0,0,0,0,0,0,0,0,0,0,0,0,0,0,0,0,0,0,0,0,0,0,0,0,0,0,0,0,0,0
27,0,0,0,0,0,0,0,0,0,0,0,0,0,0,0,0,0,0,0,0,0,0,0,0,0,0,0,0,0,0,0,0,0,0,0,0,0,0,0,0,0,0,0,0,0,0,0,0,0,0,0,0,0,0,0,0,0,0,0,0
28,0,0,0,0,0,0,0,0,0,0,0,0,0,0,0,0,0,0,0,0,0,0,0,0,0,0,0,0,0,0,0,0,0,0,0,0,0,0,0,0,0,0,0,0,0,0,0,0,0,0,0,0,0,0,0,0,0,0,0,0
29,0,0,0,0,0,0,0,0,0,0,0,0,0,0,0,0,0,0,0,0,0,0,0,0,0,0,0,0,0,0,0,0,0,0,0,0,0,0,0,0,0,0,0,0,0,0,0,0,0,0,0,0,0,0,0,0,0,0,0,0
30,0,0,0,0,0,0,0,0,0,0,0,0,0,0,0,0,0,0,0,0,0,0,0,0,0,0,0,0,0,0,0,0,0,0,0,0,0,0,0,0,0,0,0,0,0,0,0,0,0,0,0,0,0,0,0,0,0,0,0,0
31,0,0,0,0,0,0,0,0,0,0,0,0,0,0,0,0,0,0,0,0,0,0,0,0,0,0,0,0,0,0,0,0,0,0,0,0,0,0,0,0,0,0,0,0,0,0,0,0,0,0,0,0,0,0,0,0,0,0,0,0
32,0,0,0,0,0,0,0,0,0,0,0,0,0,0,0,0,0,0,0,0,0,0,0,0,0,0,0,0,0,0,0,0,0,0,0,0,0,0,0,0,0,0,0,0,0,0,0,0,0,0,0,0,0,0,0,0,0,0,0,0
33,0,0,0,0,0,0,0,0,0,0,0,0,0,0,0,0,0,0,0,0,0,0,0,0,0,0,0,0,0,0,0,0,0,0,0,0,0,0,0,0,0,0,0,0,0,0,0,0,0,0,0,0,0,0,0,0,0,0,0,0
34,0,0,0,0,0,0,0,0,0,0,0,0,0,0,0,0,0,0,0,0,0,0,0,0,0,0,0,0,0,0,0,0,0,0,0,0,0,0,0,0,0,0,0,0,0,0,0,0,0,0,0,0,0,0,0,0,0,0,0,0
35,0,0,0,0,0,0,0,0,0,0,0,0,0,0,0,0,0,0,0,0,0,0,0,0,0,0,0,0,0,0,0,0,0,0,0,0,0,0,0,0,0,0,0,0,0,0,0,0,0,0,0,0,0,0,0,0,0,0,0,0
36,0,0,0,0,0,0,0,0,0,0,0,0,0,0,0,0,0,0,0,0,0,0,0,0,0,0,0,0,0,0,0,0,0,0,0,0,0,0,0,0,0,0,0,0,0,0,0,0,0,0,0,0,0,0,0,0,0,0,0,0
37,0,0,0,0,0,0,0,0,0,0,0,0,0,0,0,0,0,0,0,0,0,0,0,0,0,0,0,0,0,0,0,0,0,0,0,0,0,0,0,0,0,0,0,0,0,0,0,0,0,0,0,0,0,0,0,0,0,0,0,0
38,0,0,0,0,0,0,0,0,0,0,0,0,0,0,0,0,0,0,0,0,0,0,0,0,0,0,0,0,0,0,0,0,0,0,0,0,0,0,0,0,0,0,0,0,0,0,0,0,0,0,0,0,0,0,0,0,0,0,0,0
39,0,0,0,0,0,0,0,0,0,0,0,0,0,0,0,0,0,0,0,0,0,0,0,0,0,0,0,0,0,0,0,0,0,0,0,0,0,0,0,0,0,0,0,0,0,0,0,0,0,0,0,0,0,0,0,0,0,0,0,0
40,0,0,0,0,0,0,0,0,0,0,0,0,0,0,0,0,0,0,0,0,0,0,0,0,0,0,0,0,0,0,0,0,0,0,0,0,0,0,0,0,0,0,0,0,0,0,0,0,0,0,0,0,0,0,0,0,0,0,0,0
41,0,0,0,0,0,0,0,0,0,0,0,0,0,0,0,0,0,0,0,0,0,0,0,0,0,0,0,0,0,0,0,0,0,0,0,0,0,0,0,0,0,0,0,0,0,0,0,0,0,0,0,0,0,0,0,0,0,0,0,0
42,0,0,0,0,0,0,0,0,0,0,0,0,0,0,0,0,0,0,0,0,0,0,0,0,0,0,0,0,0,0,0,0,0,0,0,0,0,0,0,0,0,0,0,0,0,0,0,0,0,0,0,0,0,0,0,0,0,0,0,0
43,0,0,0,0,0,0,0,0,0,0,0,0,0,0,0,0,0,0,0,0,0,0,0,0,0,0,0,0,0,0,0,0,0,0,0,0,0,0,0,0,0,0,0,0,0,0,0,0,0,0,0,0,0,0,0,0,0,0,0,0
44,0,0,0,0,0,0,0,0,0,0,0,0,0,0,0,0,0,0,0,0,0,0,0,0,0,0,0,0,0,0,0,0,0,0,0,0,0,0,0,0,0,0,0,0,0,0,0,0,0,0,0,0,0,0,0,0,0,0,0,0
45,0,0,0,0,0,0,0,0,0,0,0,0,0,0,0,0,0,0,0,0,0,0,0,0,0,0,0,0,0,0,0,0,0,0,0,0,0,0,0,0,0,0,0,0,0,0,0,0,0,0,0,0,0,0,0,0,0,0,0,0
46,0,0,0,0,0,0,0,0,0,0,0,0,0,0,0,0,0,0,0,0,0,0,0,0,0,0,0,0,0,0,0,0,0,0,0,0,0,0,0,0,0,0,0,0,0,0,0,0,0,0,0,0,0,0,0,0,0,0,0,0
47,0,0,0,0,0,0,0,0,0,0,0,0,0,0,0,0,0,0,0,0,0,0,0,0,0,0,0,0,0,0,0,0,0,0,0,0,0,0,0,0,0,0,0,0,0,0,0,0,0,0,0,0,0,0,0,0,0,0,0,0
48,0,0,0,0,0,0,0,0,0,0,0,0,0,0,0,0,0,0,0,0,0,0,0,0,0,0,0,0,0,0,0,0,0,0,0,0,0,0,0,0,0,0,0,0,0,0,0,0,0,0,0,0,0,0,0,0,0,0,0,0
49,0,0,0,0,0,0,0,0,0,0,0,0,0,0,0,0,0,0,0,0,0,0,0,0,0,0,0,0,0,0,0,0,0,0,0,0,0,0,0,0,0,0,0,0,0,0,0,0,0,0,0,0,0,0,0,0,0,0,0,0
50,0,0,0,0,0,0,0,0,0,0,0,0,0,0,0,0,0,0,0,0,0,0,0,0,0,0,0,0,0,0,0,0,0,0,0,0,0,0,0,0,0,0,0,0,0,0,0,0,0,0,0,0,0,0,0,0,0,0,0,0
51,0,0,0,0,0,0,0,0,0,0,0,0,0,0,0,0,0,0,0,0,0,0,0,0,0,0,0,0,0,0,0,0,0,0,0,0,0,0,0,0,0,0,0,0,0,0,0,0,0,0,0,0,0,0,0,0,0,0,0,0
52,0,0,0,0,0,0,0.7990039207673274,0,0,0,0,0,0,0.13552754105059589,0.15508587648607952,0,0,0,0,0,0,0,0,0,0,0,0,0,0,0,0,0,0,0,0,0,0,0,0,0,0,0,0,0,0,0,0,0,0,0,0,0,0,0,0,0,0,0,0,0
53,0,0,0,0,8.1687088544659936,0.69173352698334956,0.34791812039371622,0.016563665563400439,0.061280426351500064,0.011221149007089364,0,0.0075928544838199333,0,0,0,0,0,0,0,0,0,0.0030273599809121847,0.0031911609874072217,0.0054188122265885095,0,0,0.005303155180124421,0,0,0.0043929508829907435,0,0,0,0,0,0.0043559576062356508,0,0,0,0,0,0,0,0,0,0,0,0,0,0,0,0,0,0,0,0,0,0,0,0
54,0,0,0,0,79.063966760131024,264.67871817324072,187.31665167729943,93.524540629609859,52.453453129104048,23.994708209015702,12.818509791195812,9.3161138924287883,6.1378772066715941,3.3788734485858698,2.7061023293470079,1.2429032267113627,1.8623884717021519,1.1489710862837441,0.60518786474281749,0.36693661245338766,0.62051133937992076,0.58675849132609015,0.59022432908716826,0.51021421494807007,1.0490376496694114,0.50328528154885732,0.54538370337325015,0.29035837492330518,0.63449582641323732,0.72506197040570186,0.50761579851201832,0.31514318376567907,0.1540081978410266,0.46140562311766159,0.2428775425681968,0.19553932146246442,0.068080560041020546,0.20687327406671036,0.16952796646902127,0.19889491577827637,0.053643070283566734,0,0.067628525179984481,0.10184309536996396,0.091657495209637216,0.11356345368388736,0.10092419889119024,0,0,0,0,0,0,0,1.1157867090762292e-07,0,0,0,0,0
55,0,0,0,0,0,74.314733864315883,314.51835753911985,488.62598422901539,436.63217734568775,290.72848073195769,186.12079402053897,134.47442016330672,105.97493890488035,55.499238105068777,41.129022767557679,30.511629388702847,21.509799881744119,16.683167420485464,11.626633389550278,9.9433864730109871,6.6740402220335229,5.4359819976842552,4.6788643900821336,6.195080141088388,2.2969802581047483,5.8325091644783216,3.3520128569022112,2.7301252819130299,3.0678030831484895,2.3297129960769505,1.3529038083181111,1.515009083832805,1.3713168847098951,1.2323526354732601,1.2842344975407194,1.0244219504983749,0.82197445761211774,1.2289104245653673,0.27856992560813665,0.33437587846386213,0.33837122135366915,0.62170670675874884,0.5760662883103671,0.21651199445596753,0.23897193447292711,0.24142873667661205,0.21500525812725352,0,0.59009755805838171,0,0,0.27730234420226241,0,0,0,0,0,0,0,0
56,0,0,0,0,0,69.770785121696335,105.76725119278872,209.33019410905206,449.26173437643473,668.63815175862044,512.54074333437552,354.38639052922014,279.71926820086429,225.36313032562731,159.56445263470306,123.39601197522558,91.025648799447225,59.30725808271395,45.93714003960276,32.732838708920475,27.45242880878553,23.046846828173155,19.017132739837599,12.008625073547554,11.811658523671476,9.7695557412086558,9.0038012652638031,6.2658206654946342,6.2007040523063912,4.7192464380317665,3.2987417335693876,3.0785301200346762,1.960009540551523,2.852929367174097,1.722459035515002,2.0886512318666446,1.7462807857593481,3.0019208100948611,0.77166140074884981,0.40581163584647145,1.2745075452356036,0.68642438992032495,0,0.29987793649311856,0.93185808018113359,1.9865303911221146,0.51353915432307073,0,0.39408280406475077,0.2580978483008573,0,0.38407504846569013,0,0,0.63864345402875444,0,0.46736808041476613,0,0,0
57,0,0,0,0,406.48825577337271,11.627674625191728,24.876488610976768,53.894621039681631,116.12048801701772,218.09376530319526,514.2314197564225,634.60874080752831,458.71983650588601,369.96935886659224,300.79315223327876,243.34647022265904,173.94723900115201,134.46600566546837,105.17163877580785,77.657156619197181,56.986386573756775,43.772105363508643,44.483639027004934,25.520109130775424,23.479505119676524,19.413845312413979,16.295120788664832,12.359973966431427,10.763967490025655,7.8100336640501187,8.6960952172587209,4.1172589716419505,6.1053794935951755,5.53411548509375,3.1153360531564465,2.4814665512117404,1.6462213879591254,1.4045004825474903,1.521454159106348,0.38706318940023299,0.51160395818507753,0.31709806251341166,0.84172091290803175,0.55799473720402026,0.2075704942419189,0.44766999113042544,1.0485118868788998,0.3097607613766204,1.1277088522705943,0,0,0.41927022144591691,0,0,0.26077027138349379,0,0.3594543633185554,0,0,0.39660447730588783
58,0,0,0,0,0,11.799829874435552,9.2528954466826487,56.737539284202079,39.85792976796462,88.192607409351879,176.95777404543566,286.37045856287227,552.8682391630241,633.2544020014667,515.16618603314691,410.05885824837975,350.55648328527855,269.5146054433111,223.35777253277882,185.16747385858167,137.67003234633785,105.92244978923225,79.233279340635534,65.164117610434374,46.38478843047502,37.647715121577853,28.905063926698293,22.600756335639858,21.890101618687996,17.1958287197955,12.724425678488217,9.3079341225274224,7.9011534211417143,6.6672891639304321,3.2510970037365632,3.9738848151874357,4.195701837484255,1.8160215364485286,1.7812991846620401,1.8730561684749265,2.318995536394449,1.2939818029235606,0.78063514650306609,1.3564600469694286,0.41197932343076216,1.5600818993182166,0,1.1723024922841001,0,0,0,0,1.4516393356050945,0.57997092100455416,0,0,0.43690867497570796,0,0,0
59,0,0,0,0,0,13.080644468726806,3.1838062132526557,7.2821514521669126,16.066162338245764,26.105120684988609,42.229355695610835,102.14311270574342,164.33414414979094,286.09495569662658,500.33832115787828,536.4492616229951,438.84403186947486,388.93893867612013,336.25145121418075,286.21985535371465,225.64266026661835,172.92533219703614,134.94132531104501,103.1087058851607,80.024476139546238,64.534446700069722,46.105253605494489,39.980522682082004,32.454749130917484,22.551364735772676,21.292027142200105,14.221224965149283,13.097926486208644,12.9249184942833,9.7014942644405018,6.4077275218914433,3.9672417001245122,3.3929825032597876,4.0966733099093124,2.9797215817269573,3.987467607404982,2.5414317109491895,1.5448994525286239,0.70342708106006657,1.3469509593556726,0.32420910526767727,0.50153781472490055,0,0,0,0,0,0,0.6015175352542419,0.055797135762440331,0,0.90285473681341333,0.42835055670207672,0.61657998816826154,0
60,0,0,0,0,0,0,0,7.7887581690872638,7.7327009064142844,14.235677809769822,23.515925142522395,32.940718677250359,48.721238401732897,86.268694937633555,146.58331722105615,256.52080794893095,390.94739802273426,397.89964340032736,347.89356757985399,297.33481854973041,273.22230513317317,266.94999182819714,192.01711726271597,140.53911015717682,128.84376714094381,97.811813893248811,67.990551661570308,53.073784863879155,42.429207993149468,29.275312932592211,27.961148199003965,24.073913445639629,16.067400233894883,13.36059277676857,9.4661406115528646,8.2532662432220292,6.3757804574416648,5.2371999732115189,6.6180247377591712,2.9400421466031728,2.1610166042283048,3.1188064082194971,1.7628982974495839,1.1784856947233111,1.4224942187991805,0.84753636977839897,2.5539517356609496,0.38047189873880233,2.2220675337363565,0.4911924726461992,0.54584722269280184,0.51497980741406502,0.61145654348017842,0.33669272842137837,0.32029802563430515,0.86030870983304308,0,0,0.44559225186470425,0
61,0,0,0,0,0,0,0,2.0923916696379394,2.0823181717398196,4.5147667173987616,6.7179088400257001,11.996638500852534,23.870934021357126,35.417750364032926,51.070017467405272,87.298151923657002,139.81549301854145,234.67785352920592,300.3843754145945,299.91859959659206,250.68287043629755,224.67887394406466,207.7088950634527,195.82343494424171,144.85082534622921,127.81830524042815,110.76609472811887,77.211809525548148,54.796581962217019,49.37584777693565,34.141101791656638,25.741202163445273,21.817458267072503,15.124530041908299,11.544500511451723,8.2236081054772736,6.4300339677489626,5.0184659449835243,5.073688371063203,3.2409852089509039,5.0540846337325389,0.82565391318718906,1.5520924573153072,1.5193478952656732,1.1223155201592587,0.73464309242021775,0.9394723292607382,1.3296173810359619,1.3362662546294637,0.80482689495682358,1.4894894301427712,0.60710227115878457,0,0.8870272659447227,0.53594365170481761,0.3418192798305566,0.92253037862680021,0.69834721655276277,1.3819667205398649,0
62,0,0,0,0,0,0,3.1720055459228949,0,2.5920723926565272,2.6290984940485305,4.3138475090754529,8.6548478735734875,12.824902987946905,21.56777497619786,22.686889777623403,36.013506374502313,54.573299445129635,80.104353689563609,112.29641938159018,173.14923881577008,218.55940127449742,189.79608296491926,175.07672314598105,163.83859634793635,155.45188491890303,137.48556953328114,131.34686590025103,102.47101469852188,76.165839442985515,57.716572330462739,49.74490567700952,30.196833904585063,28.393522367526469,18.696875149537295,15.61071271053242,14.973583023211798,7.3482708834300672,7.8443687279677512,5.7019068419198149,4.4413004931499902,3.1026602057047459,1.4401072576885361,2.5245642938544655,1.7667839825897182,1.6409246034788483,1.3302923393440862,0.44938183359221912,1.1867658340688678,0.88214278355914832,0.31824612007683095,0,0.58079567283480349,0,0.53896445092319167,1.0254409136019487,0.89622734203194121,0.40601732877226893,0,0.6984734828933431,0.44797979072562299
63,0,0,0,0,0,0,0,2.4984035468762138,2.3904818813491633,0.00012166211432584092,2.9520882737024219,4.4017608843860936,4.7663718269380553,10.079535480759064,9.1368537737263154,13.098650190147351,22.543430335163976,32.302768605794228,47.581028458307813,61.1771936340621,99.194603837387021,137.63262794921431,163.94396094861881,149.97195125157492,119.25723589462368,120.2188483981928,99.583908466020929,104.53968430931413,87.713410430408345,72.830597675025402,60.974315841831519,46.692520604042464,33.270182030388185,23.031960299264501,19.665362435322844,13.131131664526732,10.521969471387038,10.272072527178356,9.5146014694026544,5.1724234696536477,4.3494121685392653,2.9969904172231097,1.0459107086537358,1.8864672053111284,1.0838790181353974,1.6662398190831216,0.5265353854186805,0.47102884449527677,1.1951983649363085,2.1577933035174488,0.68069482855455543,1.6448993142425421,0.40785116983110237,0.83974046040841954,0,0.31242197678247358,1.0459333277635046,0.63828762960388297,0.27582431739061336,0.4279981868589654
64,0,0,0,0,0,0,0,0.47885495479203199,0,0,2.6891544646430829,1.6505782670972746,3.190483186790543,5.0360875285227227,8.1328505390830816,6.6933633891117852,9.0039951423418607,11.891573215903028,17.149495574054686,28.196593725564551,43.196762787685074,56.564515542542601,72.575886148301223,100.18576462222434,117.3559309909229,92.640191774283764,81.644949348369011,68.089869769616968,61.402089318663101,57.806421235118798,54.1695446116711,44.834054178881381,38.925214207287766,25.612495598576174,26.394851027342675,15.977091686919968,15.612513336088169,8.0510928120324721,5.8187775338341048,4.8590674378825458,3.5060983312490435,2.3760356825252309,2.6135180743731707,2.5773550709771489,1.8431100565559357,2.8987131708896001,1.2126530457226532,1.9736045632893913,0.68818369190005624,1.2598519904934082,0,1.4708334236037173,0,0.39530414825622778,0.63913029632937746,0,0.63572036127148468,0.40641508357153472,0,0.89713836560021776
65,0,0,0,0,79.899522431276708,0,0,0,1.8984804361424161,0.48858839527935732,2.1162341584656179,0.29254973361034436,1.335519044109325,3.6536587397434435,2.778126490524385,2.6590252912196908,4.4640986633594206,5.479748181464756,8.8135190682141626,10.240355956886209,13.444313611795272,15.950091486613712,24.813662867196076,40.552126744208849,45.817933588106271,51.023888001203439,60.841970286860182,50.100551325313255,42.922145644023146,36.915414687824388,33.883486758378268,32.990467095072084,26.161269003716935,24.488252370237635,22.156679443222824,17.992548599578502,12.600296664094833,12.194562740270822,7.975213977689851,5.7860264552247394,4.6340551227974442,4.116897029551069,2.4558446858354994,1.3462384113537471,2.3313130329797245,0.65852935808364166,0.71772885144822951,1.4899595433629138,1.4556510332191543,0.48096111247555212,1.4188760266813274,0.79673315386573063,0.32257823090872006,0.5660516908459633,0.53848872779341395,0.24710123697629791,0,0.41164346649200223,0,0.23849652762575616
66,0,0,0,0,0,0,0,0,0.68072718540701771,0,0,0.93693400939111626,1.5611931262190373,1.380399311928096,1.3166930757782414,1.6647237235133492,3.0220432946136047,6.4373571148679725,3.9455091499804409,5.5464507627571988,6.1052343446646633,10.155883125615746,14.264246020563196,15.131388704529076,21.362970436210489,31.425572461160485,33.880848820255302,41.396993780083157,47.508345540179668,37.001932625836183,29.430839517012242,28.800556569753088,24.76061172514234,21.561435045069135,17.007209847065429,15.745312064837739,17.592476724602243,10.738326694830191,9.4662931275211317,7.724473481051791,6.1274537700013889,4.8762296688333722,5.5664657287405728,3.2094617588563938,4.373387234945497,0.23304521356084229,3.1948002700455094,0.9233495788503896,1.2275458672328647,1.7868515217921164,1.2080923607568457,0.37992509345488773,1.2160638881495918,0.68077192218055538,0,0.82900212653032468,0.9246362779292786,1.5089553712357797,1.2922332295314134,1.4127231744686948
67,0,0,0,0,0,0,0,0,0,0,0,0,0.97394861493782869,0.52315759094157421,1.1703526097394745,1.2118352406242285,2.310300829411851,1.9871483853340695,3.5951316124039323,4.3333993084693709,6.865066950942194,4.2073382384563756,8.3901529841609435,8.9292890596587231,14.941940771502422,11.978259618884952,16.210689557077266,20.569260290641068,25.483158759465116,32.644517742910956,21.788215440674325,25.597700206346001,18.659991572489698,21.18927861940044,15.191716872376491,13.046493778730659,12.27358958158834,10.29637009505333,10.285164541926033,9.6259331479682881,7.7498675910948824,5.44839067562285,4.9183432155306344,5.1766339230823393,2.4912290832653632,1.3430187959045645,1.475749342033039,1.6517479061067288,1.5734303409100945,0.72755727392721692,0.80851222166258752,0.76279121866677235,0.48796905242550298,0.68340687822438895,0.65012949589521629,0.37379384256903958,0,0.3090950326014052,0.73472417654684963,0.69663644556253634
68,0,0,0,0,0,0,0,0,0,0,0,0,0.00026565393379311859,0.39590503628614143,0.75463596422842294,0.59053332956286508,0.90786974639874096,1.1559496475548174,1.2046684315209861,2.1777377067365373,2.8815182396490706,2.3633887765072656,3.4583977372141836,2.7866627228645702,5.3816780962028492,5.1040207129394242,7.7831986636248622,11.43677168457508,12.421128403048231,14.573670780873314,13.377706143226444,18.328104571624056,12.58931840748313,12.163392708244421,10.467397582374,9.6772730744074131,6.858758641164215,8.0898873911564824,7.6351948466477264,5.6307455521389009,3.6093708574957142,6.5185162012212237,4.8772401191560952,3.2949286458271994,4.315971052557118,2.5301258732851628,2.189191950786237,1.2845544725516103,1.7768174775124126,1.3173236172783136,1.3930549673020056,1.1335803829203823,1.3175216649349766,0.9556039228335933,0.21852420113002988,0.58694796250825676,1.0299836221265044,0.78039043291959598,1.0363836934260944,0.33235259566995284
69,0,0,0,0,0,0,0,0.67099602254212232,0,0,0,0.2554132505750788,0.82262420821772786,0.51436727156527917,0.10908071623386907,0.8337370422941266,0.67051582590099101,1.2298113808205573,0.50300172950796962,1.1260445141496118,1.5816141623837541,1.4287362591534272,2.4726289160113213,1.0123009750554606,2.5262954296433464,2.1856512335344975,2.4345818971251036,5.1089892492999622,3.6133717268392416,5.0798534961839801,8.239798056266169,9.0236421544742669,11.141633302825822,8.3768489748316135,7.251923100409841,8.1321202132444004,6.6316293222172602,6.6290757911998295,5.6538243813312903,4.077963842323407,3.4256688157304471,2.0357028997466347,2.5695994765004819,3.2928598316368531,1.319708874284,0.98913596227993872,2.4145687155861424,1.7065024381347467,1.2033463190081939,1.2495104941321671,2.5291819681914225,1.0752259853412514,0.30040439898918547,0.2178845553364776,1.1564734828324266,0.55673308292977464,0.40553268612904086,0.65343158660957279,0.28835689476908888,0.63048752879670555
70,0,0,0,0,0,0,0,0,0,0,0,0,0,0.1917367178118769,0,0,0.59117146717192837,1.5058405402658015,0.45163437864922878,0.94132352402328512,0.47457886587912362,0.9894224004324228,1.5305102868775675,3.844214870607467,3.3519414246557506,3.6033151869118569,1.1937715639390285,3.3644466604047572,3.0814069875735068,2.9829121484385692,4.3607048435205993,2.8039285621711403,3.5414647432352533,6.182296776456492,6.2513127730283369,6.8807377803191034,5.9625579402615161,3.6337810605619709,3.8637192880258677,2.4624011192033985,4.2510828943618613,3.2612148314566891,4.0953215568189556,1.2224663347657196,1.7485012963498001,2.7072077763883455,0,3.0168558505440086,0.26565766404519653,0.30285936363219423,0.8142565959370206,0.3175261540890808,0.57244382745251621,0.70985253346222987,1.8599818091309781,1.2232957102466626,0.47386103840523119,0.25733321136419196,1.0799967010021758,1.4054386018257308
71,0,0,0,0,0,0,0,0,0,0,0,0,0,0,0,0,0,0.80351849012495158,0.2678657971757884,0.13840835320760259,0.75295189854146405,0.98313919632984148,0.66859464594954199,0.68127905413059953,1.3811787784983329,1.4533627579044039,1.4552211132925175,1.125224098974992,1.9525782295598584,1.9359725734457753,3.3858480384871354,2.0998623241268528,5.0277359404218478,2.0520243310022317,3.4842149838242173,4.4232548480877654,4.2859614319290085,3.0756861294558702,2.0840634743426421,3.4529529999937423,2.4437694969928527,1.4466436140821981,2.0709710276296485,2.4572481884745212,1.7175596862763871,2.9689559424844223,3.7696361559581661,0.9778218851072189,1.2966551210583308,1.7234444453923883,1.1374511459078245,1.3725598889068678,1.344480002652497,0.48757845844206921,0.33372282677601145,0.6726013914100416,0,0.6043900555923154,0.32709663034095743,0.5630287841166941
72,0,0,0,0,0,0,0,0,0,0,0,0,0,0,0,0,0,0.10421393900193185,0.27997536525899475,0.35965429875060645,0.44180210732890235,0.43354609695048091,0.6130784492535728,0.6204310097793363,1.1811709037103626,0.58714533311069517,0.15075554525831272,0.83216186855069152,0.42326978200670373,0.67580790880575581,0.18783605417620225,0.86598900148271696,1.2823744020731043,2.4403630340474178,2.169904000991576,1.0530119564191482,1.9277279696099157,2.1235197455033066,1.0812150017619671,3.0405735876501394,1.2644866211090879,1.7652331466737892,0.79655402912133888,1.4486603946333787,0.9959364661252198,1.6039121929460378,0.63660234086774303,1.462452880282517,0.75632844877844196,0.48990909595991777,0.77273061219104311,0.88318570335693358,0,0.47664028932825875,0.26601345803109577,1.019698209470788,0.25834263044651629,0.59083137488296489,0.26073165742934912,0.69914695447098008
73,0,0,0,0,0,0,0,0,0,0,0,0,0,0,0,0.067327870368103004,0,0.37716401870537603,0.12519954744854622,0.19168068754025544,0,0.43644963620586658,0.083317553873065747,0.19162481894558298,0.075057088559391402,0.19605413005287117,0.1283466270290641,0.32158366650563941,0.46905036277764195,0.24200491132206917,0.13041280346171721,0.52824480328666845,0.90500088785160149,1.2970078367527242,0.27347964015605419,0.39699514870525565,0.13389903532368796,0.68258557986170143,0.39612892115597725,2.2168750611753683,0.37827364091718113,0.91440628787766209,0.77968635820937193,1.1060084372307331,0.85149466489536152,0.38493944720351675,0.44192732040491189,0.10888501816855929,0.38964850386592448,0.53961518370749539,0.77190101465962291,0.46572565984041286,1.052061289249796,0.62630019283517058,0.1301047091427571,0.34945646088247556,0.74606661088192372,0,0.59862651108773179,0.3372874757597874
74,0,0,0,0,0,0,0,0,0,0,0,0,0,0,0,0.14988669453089054,0,0,0.31137439367543723,0.26452322644041765,0.14635395775619897,0.15777874112083973,0.30192967692628303,0.60811909718095447,0.14201139246657357,0.26553925239898785,0.61718378432241017,0.34209348379349946,0.26801917609548048,0.95255624902051717,0.62673692901465472,0.42688907615034105,0.42496101860334823,0.28965746313301638,0.6980747551649874,0.30873951943905154,0.75063097720930816,0.59906288954153653,0.40310101250236741,0.33625110981765127,1.1157896487728396,0.34394052432210104,0.42458559253566619,0.85586692301899603,0.19595084514725983,0.66871436793630035,0.26460802499919828,0.20602252819538422,0.51942922983552298,0.59216814453801203,0.81007149683949664,0.39293354856786777,0,0.18231645323691806,0.64878120021896202,0.33517168702876299,0,0.22599491302249003,0,0
75,0,0,0,0,0,0,0,0,0,0,0,0,0,0,0,0,0,0,0.14065878450006294,0,0,0,0.12677080646645592,0.27533035591308708,4.4484662847453794e-05,0,0,0.39965556098847105,0.15913268616864978,0.16506517102061519,0,0.20765750751284656,0.15430268794769278,0,0.78648213776088705,0.39797279230543597,0.36796849998269626,0.13011995512098648,0.1082372623676425,0.43006928451629006,0.41546114524937267,2.9753351012577669,0.4065470551631723,0.45313396984711657,0.12905314453428679,0.61379891234349715,0,0.52086248531730495,0.2180920505691146,0.59897731738020277,0.27629809716118475,0.31968741055629935,0.33351362427512943,1.5442122046528186,0.16212912941218474,0.51095592454999028,0,0.29985171593294374,0.38446081734483606,0
76,0,0,0,0,0,0,0,0,0,0,0,0,0.089580445826209734,0,0,0,0,0,0.050452029883058885,0,0,0.075087586562423286,0.079150341679661562,0,0.10164825641218253,0,0,0,0.085414679129932294,0.17091037488983812,0,0,0,0.053498434328296367,0,0.18890063358136913,0.16402777231249904,0.0567376813257316,0.23553906373437103,0.088147645846487613,0.31934200310893129,0.19380655605940134,0.28333572090938625,0.14049174238940179,0.080575337251848858,0,0.34383698486382352,0.36073158528333038,0.1361674726328341,0.19037967320251434,0.24485255894299504,0.11466670103788151,0.90669932145837273,0.40847076929894061,0.14367718280960398,0.19562102433333647,0.63898450395201256,0.45101601555516774,0,0.18880899021387562
77,0,0,0,0,0,0,0,0,0,0,0,0,0.31103502425624996,0,0,0,0,0,0.46170869945413517,0,0.64883962516198135,1.9386397505394923,0,1.8922136999823018,0,0.45113803601154223,0.23099014203577894,0.46283373514428877,0,1.0434466702468916,0.35343830159674494,0.2453861397305053,0.41672515909394164,0.49400516743863659,0.67605808009495671,0.49521556838123554,0.54280470214430265,0.52391951262599412,0.0062976980564038824,0.52053887261721987,0.30903237564488428,0.3751280826949458,0.53002208395257444,0.41336026960533578,1.3662571389828384,0.64064118379502633,0.50236687628371901,0.88091661244639252,0.6156335499467086,2.2451802877313702,0,0.73583329186215096,2.3970639689530384,0.49128902329140733,2.8110535683247995,2.1527665463333658,1.3844375761170313,2.211121074936452,1.0947750537255259,0.78850103936933058
78,0,0,0,0,0,0,0,0,2.3491540604374189e-05,3.5895271333310363,1.3397860276974094,0,0.76508850448397803,1.2492218555752279,0.23702261410370648,0.19778906895760581,0.16916252250058603,0.35552640448326572,0,0,0.085418569166983802,0.32658078630361592,0.08686740375413618,1.0619206886863335e-05,0.047043571554272884,0.10955169761101012,0,0.076441472970450522,0.034499680757922237,0.15946926808517456,0,0.09953530567924207,0.028950238226311282,0,0,0.073434725535998099,0,0.035646033319363085,0,0,0,0,0,0,0.030343251373593845,0,0,0,0,0,0,0,0,0,0,0,0,0,0,0
79,0,0,0,0,0,55.173808492196436,36.080470402176232,18.194290722138,13.92304136165089,7.405478959790412,6.6974590013744262,6.9617746370730176,3.5617263657703466,2.5098276981925975,3.4620593169598957,2.6925418871521511,3.7077702104306036,1.3280711065547188,1.8352258605996217,0.89256597770090651,0.8382612934397552,0.7899665633273828,0.64049714255367385,0.4084776095687066,0.51106882858415525,0.45061239451938412,0.4017633547770445,0.30805501157289872,0.21328636152671782,0.18755921439026241,0.24232451020959914,0.16197789173607582,0.0876742676439691,0.0842259052496689,0.080297001692596418,0.04965000577621876,0.1118308239119387,0.12035043157652356,0.031229572015631198,0,0.051426030664528916,0.019134729951299237,0.0056380197998641768,0.01143510201167821,0.06178124753608201,0.021708657920069117,0,0,0,0,0,0,0,0,0,0,0,0.016409682285235736,0.026188937238162294,0.013889275307252775
80,0,0,0,0,499.71301539505913,419.63895814815118,327.45620812712502,223.10354572345574,141.70190912446822,124.65034494209844,85.951011254666653,70.958880473478928,51.165605815996948,41.815767869002869,36.221850366065127,28.278431676341789,27.544295636616301,21.02640943552521,18.815272046920352,16.411863391577448,14.153685499701785,11.880954257578296,8.8167915732700912,9.0116659627701203,7.0059090453450708,5.7250926791999754,4.5390353130204799,4.64103613672152,3.8145851643253561,2.6582005648313727,2.0570575888304101,1.3187760372869177,1.6894659478341709,1.0321981945579066,1.0026099313735153,0.53646953040800827,0.58687043042635967,0.43757982668582462,0.31677756264130713,0.40364752112839702,0.16752598405402805,0.27770760169459441,0.19707149057877987,0.10245183478223273,0.28289445828206616,0.050622717958711046,0.07578246060713284,0.089998018803276097,0.01873149441810764,0.048397238594063474,0.034167931197331046,0.071430513399624973,0.15526084274556884,0.094244047122316016,0.054332208649217291,0.040788215946950722,0.024011471762639489,0,0.0092063594637133046,0
81,0,0,0,0,14.637723810338612,142.1653960593143,400.83676337071569,703.9239338738073,778.54670628576434,624.25150022622711,546.15128581680676,423.7132661408765,359.42913082904005,286.44565635547349,245.01934177798344,211.83276034143367,174.83357846001584,150.57315738115801,127.83945867598561,111.06756358761554,91.45754560105145,80.119092540406541,71.470974810222472,58.819918837513498,47.800329663971894,37.281382860317073,36.055341813094159,27.302703142903592,22.872129434490578,17.443773460933478,13.907853726142491,11.122810689525902,11.064790871272615,7.4780059159427701,7.4386067596367482,4.8192673129708474,4.1137132142814075,5.0068256274949263,2.3630774726276274,1.9348015220206132,1.7740568810866018,1.1813218739396574,0.81105672743215196,0.79733494628774704,1.0293978535942241,1.0059601616632308,0.53441707355793733,0.34166278668642835,0.36841968148060705,0.48178331937165136,0.33401095695022637,0.37251693135243208,0.23522726557812854,0.30041693895986371,0.18093337520603481,0.27229198470382826,0.079944557875520628,0.24588077762661842,0.20924864555763298,0.13419478158799819
82,0,0,0,0,0,0,285.87906567233301,279.78476575744645,567.85451846241824,807.06205266280358,880.22561039618756,817.67641718253242,716.82824798115007,678.23905191940457,562.17476744923874,478.41850241498344,415.15971028520676,385.60124572369341,318.27783776846815,282.37060085364953,232.56679259717691,206.27765587467132,165.02206435441988,154.05324242576373,125.54085633963831,103.43774691507033,88.39968479888384,71.46361304789616,63.736612640260454,51.938010238520654,41.17120114186978,38.0224087266295,25.749819339357053,24.282485711499973,15.417038916006295,13.941176724695962,11.620189959028519,9.7039146032907944,6.1161019816808313,5.8554910214159275,4.8418523145072667,3.4313362934009124,2.7027782185045948,2.7028071020628404,1.6747742533640535,1.6330013090988378,1.6487959222385624,1.4257505802230972,1.4743853158356865,0.74065450654776732,0.55042847669920014,1.0193328829987374,0.94972226970067453,1.3551541117825054,0.62623140888217133,0.57342846668803338,0.37624122845143443,0.78188347913531131,0.45286838481538044,0.41736259530740522
83,0,0,0,0,0,0,0.0195512737361315,104.775466515015,130.10924148504569,332.47721498677066,589.48143549744009,858.63229405258187,925.20789825751058,866.84762219843469,789.65078241534593,745.2359977397623,636.25116811858061,580.97611987889707,512.95684589260986,442.87358665412228,426.05002128611432,336.20791081784228,304.23144912929359,270.77862345122236,227.81823928105322,199.48550135037777,164.14172071554816,139.32244677549323,112.53929272894122,83.739994164142487,73.242507435027704,63.998954781700967,50.775602660767639,40.377010343610706,32.400478779427438,26.331964338177343,23.830425883686559,15.847401953741954,13.022430857118042,12.414249251261655,8.9620904144608833,7.8074388003831148,7.0396916370738793,5.9265863098395508,3.8332037290909486,3.3541646236119118,2.4482881017000846,3.1752613190625847,1.9087626942696139,1.646680701657508,1.6653984751064648,2.568810562203323,1.6245987346041237,0.53609151087617957,1.4335636496223358,1.4644104257870181,0.94714621182300018,1.9329467199993831,1.1084332059205178,0.44172101144131071
84,0,0,0,0,0,0,0,68.059433643932508,76.992723050257226,91.922687334868286,169.64348571407254,301.77854092898122,594.12416193838897,752.77801312448685,845.43791356514805,821.24978609865298,762.39415440426365,662.87265626617216,640.31356688832534,586.42837769382083,474.63352227795895,439.50387384499572,416.65810972814535,356.93102892117076,296.02719086379631,264.73773970272765,217.74903146196419,195.59745578197689,161.16193130314218,131.73227524653285,112.53577868770364,91.926667359113878,73.946425296474516,63.707793492538144,50.697403198517769,38.45185042780372,31.663052459919115,25.874495613367408,17.479016299510956,13.957244150824653,11.00677793952282,10.437486951777643,10.586253467704022,7.4784147873422304,7.0928766930833911,6.3989619581968533,2.9515034809219247,4.7753522360458405,3.4067293177200182,2.6709685539037462,4.6570331788084518,2.2301651927409614,2.1815317717057354,2.2644781149873658,1.9378140243924658,1.4677816952061498,2.9275248097907269,2.7881390595623969,1.1053203357957375,1.1665695178129265
85,0,0,0,0,0,0,14.705335109270958,0,30.325358073610168,79.201922064412344,83.758544465002359,123.63839682572166,198.54939960897619,310.99411812239344,535.61748626543499,644.17248118438397,665.32077149481722,706.13770998704206,667.05245892259791,626.58579008098684,584.42063993570594,505.4344107097628,449.69591827431344,398.74815184018718,353.41995750629434,312.78963615319378,270.69517444454988,226.5328469412452,207.99397441320866,165.73288726010674,144.98793187830748,104.58475132506298,84.96122961234127,77.797228988446435,61.156491392962614,45.991542778488082,39.401248144435236,33.495461815085648,27.358228990037595,17.763435753170224,19.377486376892016,13.618762885911975,9.9936179812339621,8.6487048407962615,9.7844275374181944,6.3725469776229184,5.268352842479314,4.5580949164336726,4.8526972987027417,3.3406805936982025,2.5709607219436239,2.2116946821213559,2.7381592721994146,1.7212209559424037,2.6249573711210816,2.6277118416585918,1.7341048705577193,1.6074943124785348,1.45211860568129,1.4354609731800949
86,0,0,0,0,0,0,0.040057662098526098,9.7898660484990678,8.8348684850562229,21.634113081209897,38.40420056607018,54.287510640501303,61.611879162002147,123.95367086010629,170.90063872063649,266.24921246129981,465.48556509988583,519.82904681285788,551.98791740473223,527.8757757151883,528.49795757027675,499.72318742891707,469.03954599466658,418.92716656089141,371.61706270550559,333.27822062126569,293.49776214080316,252.92910092984201,220.5541720004102,191.64854081944347,157.91232728536548,128.31267142948576,101.41521950883684,78.612604781333914,73.008567468909575,59.979968919280104,44.982541537534999,36.764325094138023,32.296728265403083,26.818570143659869,21.403295664230566,20.994195207999681,13.499438205050469,9.6063017781801197,10.210533213206469,9.5612960896168833,7.5247279299195879,5.4716829786312626,4.3038804727121542,5.3086627478441315,3.728012011874474,2.77400379416919,4.6265330441120627,3.6422557632811809,2.2246580503478599,3.7791904150699511,2.411939082415091,2.6193562174744498,1.5272387965170171,2.6301598167917959
87,0,0,0,0,0,0,0,32.255353786133078,38.044266471703096,43.168081824174564,16.827775013165027,43.622044604196333,37.784998388452614,68.779963013184997,68.884777089041933,119.60359052238492,180.10965443698984,241.01366329567549,337.42816345808728,382.67070834276808,441.69576662635421,402.70754320590032,410.97654725911298,393.84675217950257,369.88206809424861,320.21271859115109,282.52660990828656,251.69538729362174,196.78050001189692,179.29696456180852,155.71959025831384,134.44574942076812,113.32462779107674,91.968364449524174,72.13264604192635,64.208820138220261,47.601623439241436,37.661829337236156,34.812498483076034,26.910019974982962,24.84655171743654,19.139424089781166,15.899793285199332,11.922490384583444,10.662833991985487,9.7710650453379717,6.8092992711705165,10.066523761011538,5.828294684306524,4.6637156887400479,5.8669222429697241,6.1197754941137035,1.9614447158887029,3.038000517356906,3.5715354234645127,1.5720004900672409,2.2713551756027361,1.9448653146013946,2.6500298054936815,2.8672086236922061
88,0,0,0,0,0,249.82818539757261,0,13.141756729826916,20.920448083672092,8.5483037042928469,20.549062375982682,18.419573376092998,26.406809436185092,23.999909366885081,31.681721668691349,56.457918752068281,77.44020684758371,96.674483592152555,141.57579528581726,197.33525762822697,241.54327693011527,329.37422531224297,299.26393404251775,270.71795943233184,285.92192424126449,248.12788127825308,245.54911039706127,206.63162557825945,186.92798061586714,162.08647953316799,139.2184763703539,123.69400452644642,111.29709041543391,85.526266468368618,74.272354249155484,53.36193639513651,48.682520180377104,37.035608900860879,35.145284891498768,32.309567977941263,21.711400189460715,16.993647077032257,17.922111714570104,12.581973073999798,10.066158768303273,9.3129328806645617,10.322643979361024,6.7255001722806496,8.637197846118509,5.1567187920186415,6.1940288312527816,4.8491902636516064,4.4027835831639424,4.7783665266386013,3.3538123566846862,4.1247703784903686,4.4346391483589196,2.7750055735292598,2.7072674590424142,2.5193859315802376
89,0,0,0,0,0,0,0,0,0,0.00026419448965896229,22.297270349831365,16.736975508653828,9.8479485446526365,19.372114847921043,27.724332609423147,34.025102621105106,32.353662266434533,67.594370227881853,61.632242866228232,100.75702682209059,115.94032965711394,166.03372931579116,194.58328727059578,201.61681366298271,220.01419523698613,209.51027732435912,173.72505030741445,185.43622001512298,165.60515424506025,166.75198172123103,129.65937198244902,115.19435415692348,102.95153804107289,89.19692610736476,65.812656252952436,62.250399769120115,55.661721929350541,41.252331323179455,34.816465011590836,30.466734078243626,27.581108732931916,25.372499452535322,15.603136283071498,16.3194095703061,13.49731327219447,13.335368102512843,7.9004938260143538,9.3313329761995778,8.9905177852796179,8.6291866485715794,4.7993902451309536,5.7610414166377888,5.4039115747122768,4.0326252156737814,3.5555799562807131,5.030007600164879,3.4951134878939865,2.846403194640899,4.7033444912642972,2.6240047833687381
90,0,0,0,0,0,0,0.04890446961670792,0,0,12.725671688534435,12.823109784981369,15.799188488847232,14.988759187960671,13.339430253178449,16.732900713377678,22.487792725585699,30.731181147196427,27.595530370926717,33.257649095201351,48.174665741505819,74.291483563550216,71.236433831740158,94.736640638594153,111.44385215865572,133.67475972646341,154.29362169264894,139.74741678968954,143.52677406079451,122.18526024788351,114.0057172454173,113.79879716079149,100.09004970491745,87.029927471243937,74.610395796366859,56.80733372227126,52.623593826245006,42.708955224229136,38.677539500515401,31.194475188849843,31.113694375759803,24.656374699186177,18.920292947445699,21.476065053696999,16.212144400234152,13.293204787222125,11.198993016365028,11.716697529693942,10.826298543123229,7.588591991902577,5.7943053219359957,4.3205109557183867,3.1462332284524206,5.2201103054012519,4.3654120388998967,5.1809680663583508,3.1407660304682286,4.4134943378020042,4.3219447783431919,5.1190960581339953,1.701021937234942
91,0,0,0,0,0,0,0,0,0,3.7896685482859964,3.7945532033347904,5.9087513874998976,7.866396512886932,9.5558626280977812,14.63604085245086,18.412669944021179,15.24053840854973,22.013173014700843,20.3648355173314,29.054589976300186,25.116681214789619,49.488340583545174,40.836429945512663,58.686730833363335,78.887753461840845,82.185791298619833,102.45824713754676,97.853447584012457,90.883025305919972,79.671411495187641,74.157387916084318,74.120044490555841,65.330661428026289,60.963470958449584,59.951896998471113,62.653017416765515,37.122133322502165,37.735132187648993,38.218608083189636,24.509287172627481,19.703618581075538,18.700169772496597,18.376314572283803,13.82208347907255,12.96932083507348,10.631249943860766,7.5692218365727069,5.0110167625075306,9.1262302315685329,7.1716841827402762,7.0537482736868347,6.3084060291431383,5.1133140143537457,5.7818979904398615,6.2113166217040323,4.2471946033456751,4.02723095549951,4.3954745185985331,4.5580139623850346,3.6162818044941778
92,0,0,0,0,0,0,0,0,0,3.9757126318831038,0,8.4141456333724634,0,7.1996125820274939,5.596988138754238,7.7887207641005309,14.811692611369756,21.640667221682804,17.826785283329464,18.599389103508098,14.521001588561434,18.123785139212892,25.680221757079707,31.214465493363875,38.491905254754975,41.9662045445411,55.512390475992255,52.352279935636155,59.640330652092295,71.131256244210761,52.258865620741076,48.661206148567693,44.494739016412353,43.887382405933081,39.665066368874029,34.940260980603263,34.903715967834131,30.228051154561054,24.631866742588908,25.201976800039063,15.375289820868582,16.504483962227841,14.062625300228429,11.261897406847002,8.4434818223090815,10.4115635969551,9.687632947159166,9.2229363405773306,5.9952868413948321,9.6190643344685238,5.034228507779857,4.2188763263296591,4.9786037944344566,4.0261317143590887,4.4888195584718087,3.3854111392785242,4.4355193113163951,3.9128010384985168,2.068286819868097,2.8739527856486959
93,0,0,0,0,0,0,0,0,0,6.0648437096790166,0,3.297789192233203,2.0162391544944573,4.5166876601667019,5.0629081115194783,6.4411187375017507,9.8005759482801391,7.6465282874139593,12.253391689535453,10.143931448111502,8.6915249587737886,15.888773603737802,12.537298664880078,18.646340393536736,17.873712166486925,24.016869754215449,36.854813503647975,21.972827587956331,38.081411254421496,48.23449226661112,42.263426523610534,44.167840733986992,40.254581604268402,34.424887236067143,35.76386343069732,22.823895348976357,23.240250207333528,22.211104513832368,22.913209856313827,18.923180955925499,16.455334529177893,15.336920383249984,11.305491282350962,12.845814809075668,10.025832009579016,8.5645872188367065,9.2606829287427246,6.9851280533866564,6.4555973722985325,4.6560826502676944,5.5699099980132338,5.5603915241109227,5.0014301711790363,4.0803404432631805,5.8303842485906454,3.7944244109506196,3.3393390116671924,3.6909587764229599,3.7504687187876087,5.4003256481841637
94,0,0,0,0,0,0,0,0,0,0,0,3.9235304940933169,2.1870989676973327,3.3739931558048433,4.9419509922418747,12.462390836494741,5.1119326579913356,4.4464698804596638,5.6711746995696428,8.6021611817617902,12.691357958542859,16.068892531077001,9.5924726355449028,15.549930937678763,13.046750856478228,16.800853013864717,15.546431158341033,20.279060403583479,14.294276010938866,16.951502757285436,22.044516904118343,18.5318871800492,23.900886742356803,20.655616497454449,26.27064766738162,20.68643955728847,23.014179205468331,14.330001534235016,15.819135747329279,13.444999220316744,15.023560556164245,13.087760440849904,12.135678726722308,10.415334517262993,9.5450676267673913,6.0307151089004538,6.9033439483547054,5.4115278898243782,8.1554237501071611,6.1688061622234898,7.6377815171544876,6.4885692370417969,3.5324391935739903,4.1876422030405589,3.4653180512761783,5.3812665943687286,4.3979992610508392,3.2738332212476671,2.5691089700594358,4.0325120207404694
95,0,0,0,0,0,0,0,0,68.218914888664543,0,0,0,1.8312226566956828,0,2.1923955235191208,2.2480858588118147,1.7585400718529482,5.6366919570447616,5.0328273678428097,4.7169684424467144,4.5140311588815996,3.6656677690415411,6.6471018968260136,4.6621236197194698,8.4859823413490378,9.3764384180165354,8.6866356229717709,9.2113587866617603,11.39827356484142,11.386198026029545,12.602002762069,15.896110904291122,12.351471211657065,10.932109565696429,14.188360988201598,16.522605533005876,11.54824041305957,13.222413864283432,8.6566007224466173,9.9969965546847028,10.350765455266353,5.2824994419761113,6.2575590133367127,6.3688499840305468,5.9492140067712027,5.7039247523192609,6.8599315760220119,4.4263046148443612,3.99056517917673,5.0634485251205525,3.076619796826821,2.6378174201833851,3.1630032442495111,4.3478992726657033,2.705766955839382,3.3125736677510353,3.4065103592360204,2.7495138093637896,1.9628599643730018,2.7945338295503097
96,0,0,0,0,0,0,0,0,0,0,0,0,0,1.3990283241864117,4.7853541405852642,8.4360224503054244,1.6843604132675187,4.2998417814628329,5.9073971160250913,5.1593006789878064,3.4436000192763201,9.0618251245558099,6.0560876189520263,5.4615100498237128,6.0892147388126459,7.7145524420169176,10.511569048366947,5.3913939303068528,7.7913157554955221,5.4467157039199297,6.9341181666933238,6.2837492051008681,9.0166600638371452,10.287935785517112,9.2152308565374064,8.9116612459409481,13.170423633515265,12.549460537956875,12.431939902121158,6.9676058697738785,5.2537600799998518,6.5769533864284311,3.0407216457467463,8.1846378791137475,5.2599839005928883,3.8123803243031777,6.1020216304078199,5.9413480470337712,2.6276053564175785,4.5868737509406099,3.2495733492560319,4.4231897977628281,3.3229719623747758,2.4954124906731701,2.8273243473438114,3.4226254370352795,3.3381192677301379,2.2917459765517267,4.2319321172112261,3.0062935273012346
97,0,0,0,0,0,0,0,0,0,0,0,0,0,0,0,1.1279557802133628,5.4778978979014417,1.5454838737430492,0.82904680811239861,2.0293718748778145,4.451707879690245,6.931565393073722,5.2068538624669625,2.7086365655228173,2.0782722364490582,10.156149744340652,5.0877662636851957,5.080607566338931,3.2959664683840311,5.2769131837401213,5.7843849801053935,4.4791217888397563,6.3161890026778842,5.0451733938156451,7.792796537175132,10.718414548393776,6.6636641812253172,4.8431872486589826,6.6234933019938191,3.4027661695423146,7.0169287443414508,5.8130227389762217,4.6530702586569097,8.6777036440815642,5.2409281101985812,2.634868012127749,2.336128010544031,3.3242428812230131,3.3192371658705713,3.8900988535276153,3.5015607810708014,3.982533919232361,6.016401608387393,2.8140549394196546,3.1519050036195781,2.3290009707069386,2.341617185306736,2.8493750740639863,3.8631477080721828,5.9377912518009479
98,0,0,0,0,0,0,0,0,0,0,2.8690462310610796,0,0,0,0,0,0,1.2400597387609607,4.6435052986574457,0.47855135588388814,3.0962424717300645,1.2541939322851432,8.5528571509493947,3.152008485784608,1.1969921268259249,4.5009646418218532,2.9257333290617056,4.3605788112494466,2.9014584704070376,3.1319302301404139,6.9468726695224241,2.5865416576464422,3.0277146390198864,3.2820659681920907,4.3533618104151275,5.2278097175033853,6.1069396725340965,3.7864738342786244,4.9498442303593819,4.9538996840368963,6.6421400604015304,4.6764447252741457,5.5270819849109465,3.9257101701472514,2.7230057041420999,2.5700869376461433,5.8866752087059613,1.3825215615884343,1.902655230555744,3.1296104560292064,2.1892720826758696,2.7877225344518926,2.8188216799428867,3.5207675922975139,2.3568048594067905,2.4094146406869137,3.2626548814142566,1.8031354130809505,4.2970923619039034,2.7554553479393187
99,0,0,0,0,0,0,0,0,0,0,0,0,0,0,0,2.0152114254546225,0,1.2894362137396673,0.68576743831717413,0,0,1.3386689793901696,3.3375638632863445,3.4276506441360484,1.8609629011755857,2.9032167710167571,1.8104214528937208,4.1840097056671004,3.5868129563115554,4.8618953524677986,7.2573076158124934,5.1689448700691312,2.5518957290785558,3.2964084702308702,2.8047409507450896,2.5546461331300567,0.98962989747804131,8.4447407491731443,4.0702860836683366,2.6936237859678189,2.6059986523298377,2.1599773529128843,2.1471557199299909,2.3194310742239521,3.0630191918157403,3.5386782500693443,1.7459668237622217,2.8764617549119129,3.49677530416339,2.2871264993358609,2.6987971654670226,1.6373856541649607,2.785949714383817,2.9880601195762946,3.2609769744646924,2.3781416061889238,2.8701817794998599,1.8281741148896511,2.313335128576949,3.5448450533524336
100,0,0,0,0,0,0,0,0,0,0,0,0,0,0,0,0,0,0,0,4.4462423528845374,0.88603227291485209,3.9016498655963701,0,3.1152174251322489,1.798512605715139,0.45505832990978423,2.1808662735876005,2.530416862827102,1.7325825799937091,1.645110139449194,1.6293464368248842,2.23421408463172,0.42623151462633119,2.8074769099187442,1.9025667010873712,4.2212450462812825,1.1875148795880044,2.3811735508401402,3.3624616819463893,2.5363251415160404,2.8887659619899959,1.693880798414636,2.2022641304473902,2.4739124926651495,2.9883417818134403,1.3609988269677644,4.7248560826085706,0.0005935631655055926,0.76414111952626118,1.6436622093054167,1.1914743112243389,3.144297852995992,1.0412545616885658,3.1226766040468097,1.3462291884252104,4.4863690083398842,2.0730908479974577,1.8199024373104531,2.0412051471476724,2.7817579089888831
101,0,0,0,0,0,0,0,0,0,0,0,0,0,0,0,0,1.1200875646087396,0,1.3333858859719416,0,0,0.54285195099388917,0,1.3468158902586373,0.2941412920405998,4.36730467567146,2.4059869634583038,1.2605075010440039,1.0530823680070189,3.2859600080617506,1.2018958619735791,0.56863536533134051,3.2008757112323361,2.4619886616389675,0.25581971098651057,0.58574490935245427,1.8257881920826391,0.82429812655707968,0.38422069132718778,0.82167501379750829,1.1037075705669963,1.7940268714005239,4.1333492943789842,2.232374477629381,0.94363465953518844,2.286051552624297,1.5213941653894696,0.99737843994883735,2.9549722220855101,1.7410903422077939,2.2501347183553446,1.5889277222477887,4.2589392121368164,2.7220946992570449,2.4688662302516144,2.9814157644685531,0.86302734895931676,1.0853241940009164,1.7390796202681433,1.7274922161755333
102,0,0,0,0,0,0,0,0,0,0,0,0,0,0,0,0,1.6521790212716365,0,0,0,0,0.76324343608450873,0,1.5693627710120228,1.5535343685054277,6.4819258807625699,1.3496962230553955,1.6820478267121486,1.5094740374828914,1.0800858720588971,0.96466268948577971,0.48030504638873878,3.1171119183669163,0.89688958326920087,0.0937873917640549,0.86476489812304369,0.58685219244960984,1.4638568022680862,0,0.35129947869715461,1.1314995195325144,1.0174688958670239,1.1366352296477045,3.0695088840038842,0,1.4239536063010727,1.6748742254362248,0.49399032477614452,0.79890565767012733,2.4804688643992336,1.7593716362370124,0.23922429781998669,1.6791636028866703,2.2483736157619116,2.4713480270443258,0.97196095117901637,1.7172757227566831,2.609873856564259,2.3463089094918699,1.1087022117693022
103,0,0,0,0,0,0,0,0,0,0,0,0,0,0,0,0,9.6634086966947414e-06,2.6361423864757256,2.866119546951658,0,0,2.4350210223063655,8.1305686172062277,2.995603733081309,3.0111993388835243,5.9602925545757079,12.674417493038138,5.7514627014188928,12.648720576899654,2.627439139997128,1.6503946342836793,2.8772016993424261,6.0413957564720526,6.4851940569395854,3.4562451385739581,5.1941637955890245,4.5145439778701544,2.0239809095828529,4.4433737938211166,7.3088805570787159,5.8554004850432362,6.9400948179388555,2.0645115839726307,2.7667329398971923,2.3989630954296066,6.1599115641967792,9.2868207299558545,5.3828013269002506,3.0273982003818642,5.779235218496952,14.581635663791179,8.2924907949503979,4.1129697062123691,5.6245036653398817,5.3180403550803348,5.3537186131092822,7.4528367437866487,5.1639338262568177,6.1266379991680164,9.4336677850226831
