reco_bin,true_bin_000,true_bin_001,true_bin_002,true_bin_003,true_bin_004,true_bin_005,true_bin_006,true_bin_007,true_bin_008,true_bin_009,true_bin_010,true_bin_011,true_bin_012,true_bin_013,true_bin_014,true_bin_015,true_bin_016,true_bin_017,true_bin_018,true_bin_019,true_bin_020,true_bin_021,true_bin_022,true_bin_023,true_bin_024,true_bin_025,true_bin_026,true_bin_027,true_bin_028,true_bin_029,true_bin_030,true_bin_031,true_bin_032,true_bin_033,true_bin_034,true_bin_035,true_bin_036,true_bin_037,true_bin_038,true_bin_039,true_bin_040,true_bin_041,true_bin_042,true_bin_043,true_bin_044,true_bin_045,true_bin_046,true_bin_047,true_bin_048,true_bin_049,true_bin_050,true_bin_051,true_bin_052,true_bin_053,true_bin_054,true_bin_055,true_bin_056,true_bin_057,true_bin_058,true_bin_059
0,0,0,0,0,0,0,0,0,0,0.00050523259151774016,0,0,0.00029152119337276576,0.0001720430400407765,0,0,0,9.4062676709123546e-05,0,0,0,0,0,0,0,7.5576716737661432e-05,0,0,0,0.00011844076604167441,0,0.00011805360992684731,0,0,0,0,0,0,0,0,0,0,0,0,0,0,0,0,0,0,0,0,0,0,0,0,0,0,0,0
1,0,0,0,0,0,0,0,0,1.4523585714171224e-08,0.0016347611524608031,0.00078543136270739608,0,0.00015779016290738983,0.00056874762632005916,0.00014303070748167282,0.00012256617961881256,0.00010876163536657105,0.00014438859689804598,0,0,6.8051288005192275e-05,0.00028005304349967456,8.0651633434571665e-05,1.0764498248867145e-08,5.2683784192996533e-05,6.1340646321051507e-05,0,0.00012222153546351245,6.3331554027127283e-05,0.00022017362122974367,0,0.00017097580317697371,9.9124725235354743e-05,0,0,0.00042435640936380921,0,0.00029470463886980831,0,0,0,0,0,0,0.0007876351086064195,0,0,0,0,0,0,0,0,0,0,0,0,0,0,0
2,0,0,0,0,0,0,0.00027511222447243542,0.0024137381448869444,0.0032105793340715177,0.00090871173566237909,0.00045468340494964689,0.0019145637449221242,0.001265793117724586,0.00022302201396587213,0.0012322034418255671,0.00079543843148691931,0.0014135489815007888,0.000299923926887761,0.00028045170630547122,0.00026844919248508872,7.1001665016696665e-05,0.00019747528633520827,0.00023586167764124756,0.0002457326193130058,0.00036421493709361746,0,0.00043847081247853231,0.00019967223058110219,0.00014023647364825307,0,0,0.00029428341411327677,9.9124725235354743e-05,0.00022113287482726949,5.894137828515595e-05,0,0.0003208617990288899,0,0,0,0.00062117740019010847,0,0,0,0,0,0,0,0,0,0,0,0,0,0,0,0,0.0029374171157431545,0.0023037554425569522,0
3,0,0,0,0,0,0.093662946303383274,0.057009185734737455,0.02507457296410184,0.016695493387823716,0.0093010953397075959,0.0086250266117279956,0.0074699459437459047,0.0035713104930103555,0.0032188043427231095,0.0035990867912283476,0.003063074424595965,0.0040992671472666409,0.0017599385864838204,0.0027133000502129316,0.0012730248929678728,0.0014733727222564625,0.0013690863829146098,0.0011393281225658162,0.00071181214415650307,0.00095934980374966694,0.0013023618558297533,0.00086774769365136994,0.00093936019359069586,0.00076519851787945679,0.00092099215506479784,0.0013874956892292098,0.00079341813892443418,0.0005950856845254865,0.00057103377270111499,0.00083992779542163489,0.00066349509023989688,0.0014675216517986232,0.0023009783661822204,0.00071208686867425147,0,0.0010357974844549872,0.00072538900504461913,0.00025143455178816511,0.00059508531634412925,0.0037085893372539513,0.001497804482028846,0,0,0,0,0,0,0,0,0,0,0,0,0.0025559492212134521,0.0026803684318214751
4,0,0,0,0,0.96879434650278695,0.49711745837069876,0.18213940114677118,0.13748925829614639,0.077711771542222252,0.058495077232776999,0.039368486859351889,0.028960421537530825,0.021410154768838906,0.018627835964407251,0.016745781007446378,0.014337269980724607,0.014185492543124586,0.011035366676815091,0.010434499663120064,0.0096830946061589977,0.0081692204374258764,0.0087620196735686048,0.0070776200510576691,0.0078019769546395848,0.0061310617902730173,0.0067495020138656839,0.0061047044287112842,0.0052897824098680933,0.006024045712520752,0.0025401509000846029,0.0040838330437247871,0.0028087793096730424,0.0049447525758231324,0.0043638534870503167,0.0030066040538507441,0.0034174166208280066,0.003048891510649388,0.0016189400622510116,0.0013818650812790886,0.0040344568923908804,0.0029612346250606977,0.0027091250289081235,0.0018391252193122336,0.00059508531634412925,0.011450759510808076,0.00086046531571780176,0.0024024599886279326,0,0,0.0042774600516934016,0,0.0067620184915296042,0.0020313446333957413,0.0083682513091963787,0.0014695396003343868,0.0069689578400605346,0,0,0,0
5,0,0,0,0,0.019919214384098494,0.25926033195538278,0.36986780659656099,0.22039905430986217,0.13739559850791314,0.12397261699109341,0.084351829402082315,0.072600468364524259,0.052368558320304022,0.042257574810256625,0.036923697027752417,0.028689715424725346,0.029297606007178921,0.023591256341762953,0.022154038784460244,0.020411043434136897,0.019517456587168393,0.016254000959286835,0.013021828224291409,0.014627752281308356,0.013133467727034012,0.010819179592348266,0.0095641479224981858,0.01293032255721293,0.011169665186412081,0.011318896749627544,0.0084218916930701004,0.0065939334655686025,0.0092587852971295452,0.0059438537992567543,0.0089101307904022042,0.0041944573096661681,0.0069159285746693503,0.0072638682735002031,0.0062873245010696861,0.0076012931611639653,0.0027699343740129776,0.0084688855184169125,0.0074923493833681017,0.0050658350747474672,0.0065796100221776699,0.0028480128437155731,0.003915230153876203,0.0084352752914565888,0.0019507258065622761,0.0012602121669924133,0.0042862879829555552,0.0029650355231130199,0.020376333591676062,0.006284049578550277,0.0074645193903517884,0,0.0043398678681220151,0,0.0018138778859213046,0
6,0,0,0,0,0,0,0.2068183330341874,0.26659667087828831,0.20488872699121652,0.15874453300733873,0.1383999484814703,0.10805456777590848,0.087158960576208561,0.073302187783144526,0.063791710322027462,0.050736567893106897,0.045161625474268843,0.038658351340382043,0.036432392981253975,0.031124320017564246,0.025721765451803019,0.028639941001381345,0.024303773258524106,0.024148846382813827,0.021890292844770395,0.019872429169959818,0.018443046737970311,0.016502519012132077,0.017655459024696372,0.014217554447548046,0.012547666631516227,0.013867754137282997,0.014777731278766033,0.012747167223906425,0.013828835491306157,0.0073977894296312205,0.010514701403200268,0.015388557284522533,0.010266632122183088,0.011093840356456627,0.0056581769274710522,0.0065498708455878603,0.0047026184271284329,0.0057043281904766083,0.012310965189751217,0.010511331563753759,0.0079679581464472578,0.0035189600622414874,0.0037803368757327303,0.0022190531921128724,0.0093048404555759207,0.0089730159388678992,0.0027821314712645202,0.010272948664876359,0.0067461534472659989,0.0057113478023268702,0,0.005757859290410644,0.0029034972050381949,0.0051599417652608568
7,0,0,0,0,0.011286439113114386,0.099859740252403989,0.056506993573359324,0.1734516216416086,0.25568358443806449,0.19736668843813091,0.16796322253758622,0.12827897705532099,0.11481705124461558,0.089233588591954641,0.077686863439885748,0.074869982848265099,0.062397490538303887,0.057974800272441174,0.049856097009057014,0.048243568272232785,0.043997756471355745,0.037101086723952056,0.039190832711180103,0.032903949429905696,0.029331923830031654,0.024711899191411816,0.030060869879324936,0.02526850639418372,0.022520150054244435,0.021224561723011688,0.020402384599514229,0.017037351548994887,0.021473592126388521,0.016354532231183622,0.020626020505729838,0.019249995050451076,0.016705717879050862,0.024220000641582189,0.012028322133514284,0.010641281484568173,0.017993511134122214,0.01198026305900887,0.010263572204026532,0.011464540179160574,0.013257049719719444,0.018207357629593721,0.0093941920384165243,0.0089605505645612513,0.011171694156419752,0.01926380132078713,0.0070240599919326966,0.010795639757478348,0.010447755844769589,0.0079286645821226142,0.0048481244495319556,0.012418808554671514,0.0056309308807233971,0.012453891858847545,0.013162820046864107,0.0055555527088718007
8,0,0,0,0,0,0,0.10180094444901906,0.064315906063229761,0.15983709196712786,0.16638004966496153,0.17295602650724162,0.15946540974341558,0.12581245340677544,0.12332803406381213,0.10202316468520442,0.090557079535232371,0.079321656692357037,0.077825766886876604,0.062243177171361158,0.056733618153828144,0.051616267927508633,0.053127360841983433,0.044819384028862076,0.045616823408725533,0.037628635818992513,0.03700405575012608,0.039531025307748296,0.03261853671017912,0.030586704772526868,0.028956568607066163,0.027261540938038582,0.033439431701957061,0.025375603554562084,0.028087203514467099,0.020511186687554511,0.020449711971942775,0.018864022303857003,0.027574135186152704,0.018648836279201636,0.021101624945447022,0.018519499186570823,0.019308435964621208,0.014745522768559772,0.014331016930313939,0.012653336028793311,0.0093243592939132331,0.019066857768901407,0.0058052994305623582,0.027787462745947403,0.005792261558368695,0.012687171843635837,0.014198320943851383,0.0064853516229457821,0.014706835405450815,0.011744074933151469,0.012808630659809849,0.010421493524892456,0.01109083949477032,0.0067477583596993029,0.016143659653694947
9,0,0,0,0,0,0,0.022168673455196051,0.051137432441685886,0.061910066564985079,0.13752702883729462,0.15297478628729214,0.14158734364608402,0.14008210820646005,0.13070918210870636,0.11225083528273271,0.096698581194919156,0.089273619263161227,0.085526377011579988,0.079565292013721284,0.076460449422337581,0.065411894374327484,0.05860024141970973,0.051954231353590001,0.053018205863648964,0.05117288172844553,0.044649874122537965,0.038968265239217134,0.039552390125087038,0.043314696265525116,0.040701645881309631,0.037125333130719335,0.036297548494211782,0.030312530454050166,0.034291093291174676,0.026626431153187691,0.030435003133748806,0.031891330404060711,0.023099417574513916,0.019441180824051846,0.022319073181262118,0.024090739250205023,0.016220436056551664,0.018175875737967678,0.024086009556321609,0.014805229921451611,0.021449232466070334,0.016291974384608676,0.028570377346663938,0.011710635671118148,0.016008101245802826,0.0050753631109770967,0.02150881187769766,0.028773887040268828,0.039491004328703137,0.014745054812418961,0.012394457851023014,0.0070715549209375275,0.027136756707723572,0.016204927347659274,0.0058550869335269847
10,0,0,0,0,0,0,0,0.019595278203658837,0.024089473632881327,0.05074159479456937,0.11249012687272207,0.13972471401564987,0.13284251494619961,0.12587243942580525,0.11997699722608908,0.10919939378259,0.093479874170677657,0.082151959298619529,0.080359202363714619,0.074768297206600359,0.07582110155907569,0.06529941124088795,0.064397577905247652,0.062705750890633488,0.057699763748692519,0.055654477820915968,0.05423484399768877,0.050094090825148839,0.042576674357265282,0.037304850897239838,0.043124538762379386,0.043682176653703927,0.03889242296482491,0.033815273683445383,0.034994255986552522,0.033423019015253075,0.040043544948611842,0.027368492675077252,0.027249687312062513,0.034179488558830018,0.024597619640800535,0.021700555792119831,0.025789064904919324,0.026711579378028604,0.025720463734835323,0.025419926377871233,0.01600953806500427,0.027821680318006914,0.019209709453256833,0.010029128483627458,0.016449012946548935,0.033766070062731988,0.023540780830980719,0.010540581910010574,0.013195661368399853,0.017549455943239308,0.0088369467741301871,0.013258181864126098,0.022435529609508502,0.013193992452560257
11,0,0,0,0,0,0,6.2523815421475987e-06,0.012289216796274592,0.013379054236986255,0.041586374467500242,0.048477691946519408,0.093409416016429964,0.12024526866755977,0.11356652332719604,0.10198095299012684,0.10590947691126497,0.097064574889978328,0.09935036863638888,0.08818511232913194,0.079289147737989715,0.082282142338785794,0.068993697255983491,0.067172328007779197,0.065147630302963846,0.061139868537415168,0.060476179253364938,0.053256007839100075,0.053667330855232349,0.053652194795352638,0.045519390026409909,0.041345854245490234,0.04288114238316363,0.042088192602997482,0.042676025467609791,0.038061694874030848,0.037454528281512321,0.036716979583724572,0.033659624167116063,0.032559240505140731,0.033708267009684295,0.033565709194113544,0.037915636202495974,0.03744615146527102,0.035411191226348872,0.020626467730523571,0.021193769336514998,0.022710077550383678,0.028636214523488326,0.018500125927843513,0.025714196911671663,0.023184240218670587,0.032594258895750711,0.020938722265095213,0.0052707962866496679,0.031522849405661836,0.029915691624288313,0.023638388933660555,0.056435329134939802,0.018993860672770594,0.0039759950075262474
12,0,0,0,0,0,0,0,0.0081865032289303048,0.0087661615028394781,0.011571546449395982,0.024775553886373623,0.046574407761604958,0.093509643625071331,0.10084809459326342,0.10554928096643823,0.10186858644128174,0.10136310702041074,0.089093348426506402,0.085413354965185123,0.084804983761938693,0.067980008922493396,0.073134500135081756,0.072931960843145183,0.0731535438564202,0.062700039499230781,0.057174613832555767,0.055545764378207581,0.0596675472646679,0.05514963554276197,0.051467326962324908,0.055807631546895019,0.050873853085821076,0.048873657778804133,0.046250671112205183,0.046944840376335284,0.051082951392473597,0.036935165630617765,0.038274764903469941,0.028343927989913906,0.031228516586698552,0.023942509806858109,0.034642379126403604,0.035972671364689068,0.032646365781365219,0.039985104641942958,0.032405911842300301,0.020987683456422844,0.03843014260485151,0.029042566136031019,0.027628056618520098,0.035595297718134258,0.023791845759643864,0.023150841268017589,0.020368420237217966,0.02793400873771645,0.023668604584140638,0.059479830010821057,0.052863207025383621,0.022349352007476005,0.02040454700016265
13,0,0,0,0,0,0,0,0.0089559980786045445,0.0095854448870594852,0.0095565333557347028,0.013566205291265324,0.02124483150378681,0.041006679106785279,0.071253505034184011,0.091141170005838087,0.094334432608119537,0.087615736661598886,0.082310253195927829,0.088723983290017988,0.084038307866263928,0.077802197290789077,0.072168448264550322,0.076209440046602933,0.066338059585024964,0.065111578611526666,0.070386212579668983,0.062479416725403886,0.060903752579506233,0.058909371046882576,0.056373361501503787,0.051615510788039262,0.052038724387251309,0.048739663990838768,0.053642629383849581,0.04766924716677208,0.034583068034281607,0.047480846357613418,0.044197839422561794,0.03810023959777576,0.031945223071560683,0.035181796583809453,0.031323219757866921,0.04273436901587005,0.032235252470841212,0.030996761744050045,0.041198629681774061,0.017647033587114929,0.031847395559932309,0.026663981851027762,0.020358573759619344,0.056135846690267117,0.023892892824556998,0.026284926054686002,0.034911173840369479,0.022098049273399898,0.015708103984567495,0.023601440191087779,0.030342441895314213,0.011844898991459858,0.017127172779106921
14,0,0,0,0,0,0,0,0,0.0040925998041564894,0.0080275747493955829,0.0081869749718653257,0.014966548924573055,0.024034304388236952,0.039825713066931556,0.066625317312546256,0.077269996140199582,0.075507997309364999,0.081161498472154509,0.082782720093407036,0.081013221803239346,0.078280273104378351,0.076877903293206803,0.070958397651401731,0.071562204150273381,0.067490271642206376,0.066813893229085403,0.06470656611296112,0.061629019458050945,0.063208325938061832,0.060912627986338737,0.060597282228063369,0.050210157366148221,0.05061681238209708,0.052920764672201748,0.04449905084885887,0.0456105148638399,0.041801076221674928,0.045956647981735953,0.042099108698887153,0.037542464646679832,0.038296727500951193,0.032397991285188353,0.030857989546218906,0.040481429222066274,0.052236508974448662,0.038824564494024029,0.034533054328780691,0.028758280926777624,0.030926933897199697,0.031080878761428773,0.021881951828832603,0.024748302062778341,0.026811490564962823,0.012167310091138365,0.034002071448016785,0.019744570728325039,0.01650040833448237,0.020064350452138963,0.022372876181969821,0.02279642232160255
15,0,0,0,0,0,0,0.003391381487546126,0,0.0022052996961496444,0.0078337121203989318,0.0083071526977695261,0.0092428109946621224,0.015133725945467212,0.022123463606598361,0.041947644603964274,0.056820490457447435,0.068183177165379305,0.077929140463314714,0.075278223431320235,0.076173101758716916,0.078119831138592166,0.068715570415205013,0.069291549744210326,0.064215302177901681,0.065461822388447499,0.064502578380264283,0.063132720931226086,0.0600392432973458,0.065049317979059593,0.057300181134857756,0.059990822487508658,0.051804057197563959,0.047101977331926087,0.053364561539979649,0.05494482319535119,0.043665481066580414,0.049725541299438715,0.047066100855353635,0.048514461155405669,0.032510942526719232,0.052395209344535926,0.042595678318056399,0.033880031619108089,0.024896111869180889,0.03307857219665384,0.025041993609804854,0.025553136441158156,0.029688402969796749,0.038211128351976341,0.021213115705773541,0.022241380458070444,0.016455086043510116,0.027251968114911748,0.02444260528562156,0.025048473550031147,0.041677020703077952,0.02637845695014477,0.021733428892094567,0.01676816801111318,0.017442339895851276
16,0,0,0,0,0,0,0,0.0019023506041039009,0,0.0023318205490103199,0.003809749395823292,0.0061447286520343062,0.0063203909080570874,0.014894375092728781,0.018563160562301419,0.031801743960712441,0.053856319167313225,0.060740182924438703,0.062652110173233883,0.061562972699728324,0.063357900084178187,0.068179081214720494,0.066472461287228335,0.062824564897872387,0.065449977946018548,0.060792494165078377,0.062535072854904727,0.062726859927940734,0.059988458633529682,0.064908359964667803,0.059391106427121948,0.055320397831259319,0.052482775250089972,0.050709172706672086,0.050329459358805034,0.049729364208126035,0.047071861125158924,0.041482270980503083,0.049994521678251747,0.047477120276668811,0.044030440543284276,0.051660192702409631,0.045375455811411385,0.029427995074757022,0.041031561574635604,0.045347243963868362,0.027159659662595873,0.020364431725321593,0.031296537741775952,0.046723343617491787,0.025996220346566099,0.020350009188318304,0.045649127761498119,0.030541919491229315,0.021564293999933936,0.024336791741749839,0.020936807402779235,0.029495925044948777,0.025476497159806204,0.032209315755162907
17,0,0,0,0,0,0,8.1799356339820451e-06,0,0.0016246224325166989,0.0015044070225757353,0.0028866527579589365,0.0032674993211264476,0.0044415394525552107,0.0069684018851152692,0.012111035754898971,0.017271718201163751,0.035159624072078788,0.042959715874746743,0.053160732119439939,0.055691256350576257,0.061874693256944335,0.059279526896754982,0.063053191676739145,0.063483254533657149,0.058333398870773448,0.063097534136451083,0.060195055491861008,0.057557037719438993,0.060434792941899934,0.05613024971019516,0.056901262292450898,0.055501207551490232,0.050798833351302031,0.044387196574171291,0.054787276976744431,0.053362769912524151,0.045449921345636142,0.048922711171967524,0.044722134540802393,0.04617130537450758,0.04466768779792557,0.050704160289388116,0.032055556946351808,0.034869832580064528,0.037800226528078879,0.039500402782550778,0.048829770644734927,0.041759653405651888,0.022998078928672977,0.026857466759350475,0.030655451815484267,0.025409080290087808,0.035235009238758837,0.038053498577154954,0.022748332159163741,0.053880841240280294,0.031870841081270695,0.030810126710744727,0.010973695952884832,0.033073357489814284
18,0,0,0,0,0,0,0,0.0021654110844540929,0.0028058157247620851,0.0044865247128100371,0.0021789105473206693,0.0043276473059484224,0.0039622991867844983,0.0053404850884826924,0.0065767047293200306,0.012048306676506393,0.020926186075962361,0.027120630588075682,0.041444471678267862,0.047483650048837867,0.052455058646278328,0.048548949215670115,0.061543896854544526,0.06007272031583874,0.057450174248317137,0.05778606192419522,0.056268277548978916,0.060422459142270978,0.050446666806164164,0.055573009152783959,0.05367475487406987,0.058936564368480292,0.050682524615772315,0.053501792901796304,0.04693189060104988,0.054126201530586698,0.044085738485091459,0.046428639508674263,0.044037320216309302,0.042453718691326962,0.049676580844348506,0.040333165795759067,0.035380303824036619,0.032064947931109797,0.038716740767540801,0.043180855286135578,0.033809950475177784,0.055611241978084092,0.040606185761184903,0.035462283544577894,0.036580173990679019,0.074575527205085146,0.019142598898040371,0.025553805488335173,0.027970987824498597,0.01059421840086947,0.013964630532761466,0.023511822725746059,0.025579799182144022,0.01884404551402798
19,0,0,0,0,0,0,0,0.0036815508815156491,0.0037203217707237591,0.0026542061734747091,0.00055827440069408619,0.0027276151735734326,0.0021945679031323724,0.005976285645748999,0.0049569623751349714,0.0085161496512749738,0.011203998555493689,0.017730572925831294,0.024597970544553947,0.031809678906042985,0.045181383550572884,0.047268384707201842,0.044327347276570582,0.050700206224010815,0.057482789249150762,0.053254753911412253,0.053941569703261867,0.051237791047316038,0.049781959914152157,0.050061542806089626,0.05330290233918248,0.049385421778292672,0.056978574113471257,0.050280882145648402,0.049950434514012029,0.048824339035703247,0.047249089206912051,0.039965011159133319,0.051202303263435625,0.045204679317327558,0.046377225028042673,0.046721695576856764,0.049695364698218517,0.042377681267157519,0.038079551181979324,0.037706304566324941,0.030337508358712434,0.051007425411975678,0.027982537631986885,0.024838942928913907,0.04658862126830618,0.01959618389516864,0.012846234904370691,0.027819875998472153,0.038393207568130791,0.019756796630849189,0.032425991189265368,0.018258757795676116,0.033421054046178303,0.047543977168472785
20,0,0,0,0,0,0.050099523118131352,0,0.0023454363826483473,0.00087170273404063028,0.00051044634761985923,0.0014742089082093936,0.0013000330006277363,0.0021495931186321033,0.0027720440173149069,0.0033523901850112075,0.0052230852120209474,0.0078033309551350082,0.010222025089760327,0.017128750327541978,0.025990601703943305,0.031498124514302742,0.041576097752816427,0.042849690411554266,0.04153380031182366,0.047192621970600916,0.044596771547227604,0.047876229371694584,0.046244923064952773,0.04960443573402247,0.048538271674660897,0.048897469029388449,0.051841904152477025,0.051537387586908602,0.050462565467562517,0.048818395456315861,0.04112598108186321,0.047187266615481845,0.042027190097276679,0.047642131185241333,0.045748322962282546,0.036707970910505358,0.037205876512876573,0.050151535879510163,0.046644026518388976,0.045844228627062174,0.034147217498770421,0.040491371554503768,0.039111195710495969,0.053224076440498896,0.031400482398206565,0.039747352702523282,0.033083434952914902,0.024607308752495931,0.043585358595011225,0.025549208991473629,0.04546102357216019,0.042773253729873388,0.031873499008408419,0.01851189319980415,0.027920473393277263
21,0,0,0,0,0,0,0,0,0.0026615911507582315,0.00088175366475303255,0.0018166649190977779,0.0016330780101146498,0.0020868177818239623,0.0011158279656453237,0.0018703052951979365,0.0043343124039880616,0.0057980970649769981,0.0074907281824160747,0.010153022084730297,0.014267926428488179,0.021070357667473463,0.035582744791468522,0.033052993582517107,0.033432349072078919,0.040279680986633495,0.040118441704198558,0.046430174009643041,0.044008131117134884,0.044135749959265676,0.045482026052510567,0.045267307893184505,0.046278643373563196,0.052564856692105796,0.044560204555015193,0.049397471504123595,0.043111873514661142,0.044779194885216339,0.041618136120644376,0.047023278627937509,0.057873787989886197,0.045929698451740379,0.038895503503195053,0.04426430111932618,0.030703289648432167,0.025535214294711214,0.041757003965381567,0.055252229705981398,0.03102142860869396,0.046850983851664391,0.034245673900122647,0.046702662853337136,0.040384185035093022,0.046088138950429992,0.039068008540043955,0.03580712557263855,0.03294728666931409,0.046402174517200717,0.026806029386980026,0.040832606339978532,0.029513242352234483
22,0,0,0,0,0,0,0,0,0,0,0.0019195565919526811,0.0014767902705329805,0.00087774628662747316,0.0011040539916888827,0.0022635072999519583,0.0033368440598270754,0.003394473783072133,0.0056711091589200235,0.0059973402391055135,0.012076375868980756,0.013749730920998052,0.019756506715445599,0.025940149764217862,0.027268878740489316,0.031135365578989528,0.032973392396289554,0.034129911716071472,0.037350297867411841,0.03991448804323075,0.045936105511030403,0.042196990793635612,0.042406932524881723,0.044807158218960585,0.048546923281616562,0.036281242575834531,0.049224973436211843,0.044462475893535421,0.045889482812757267,0.04522561518903636,0.047512620723673044,0.040123166035457861,0.050602452927554199,0.032782244818579914,0.036899994897605426,0.042780777140499861,0.053663790332907121,0.031136724449258857,0.053264720283109281,0.03435331427953435,0.058406442693043785,0.027125101538467807,0.032364294795879024,0.042652181442972885,0.027523645438162148,0.032355074015246676,0.029194244113173524,0.027996984734281145,0.028944382277514447,0.052440202081389657,0.013547748943233085
23,0,0,0,0,0,0,0,0,0,3.785427465461018e-08,0.0012219675721938524,0.00086795353660856669,0.00051219802308276644,0.0016568345449866672,0.0017573301295583342,0.0017305387913865932,0.00160484619776329,0.0052245678909361073,0.0044513301190593057,0.006007771325248757,0.0084493246534217033,0.01446206669361092,0.01747864582972106,0.02184953882417941,0.028081209955206129,0.02995703143174885,0.024569634921135113,0.03390696968516449,0.033148062412177805,0.03916110420789097,0.034958173944818732,0.037984911591326366,0.039911409383286307,0.038639235543079214,0.040284300576269569,0.037229475157019506,0.048046217178723295,0.036077730599793176,0.03727903155623194,0.038451390075295293,0.052234177301798981,0.04936040710930259,0.039534197584247747,0.051361326128055107,0.041421956263566644,0.04195735672921317,0.03333102828235248,0.032342160416515817,0.057291349211303133,0.038237624820059032,0.031806385701024391,0.044424389706652828,0.033686003267135133,0.03384385526608405,0.024871873260067141,0.054925984194136718,0.033835640081074002,0.024008384507682674,0.038263618722563716,0.039078973177706908
24,0,0,0,0,0,0,0,0,0,0.00091791176090859925,0.0013048347295912446,0,0.0012667837117509809,0.00047795518322695923,0.0012607617838268335,0.0017263370870509327,0.002452588778982169,0.0026573032684032009,0.0036375608561503769,0.0052105118239736108,0.0060922492749000421,0.0089146115067223908,0.010012316932350532,0.014751719755470141,0.01990027356234144,0.023362730274969826,0.023583666164255109,0.027160709664809438,0.028631413985103191,0.030568162981935258,0.034193908556355596,0.034883497356804564,0.035916566210571502,0.033597858440676531,0.033798641205138154,0.029103920500585009,0.036256919029795616,0.034603590891102237,0.039991718444213439,0.045323634806098745,0.045026917473454657,0.043545184083232033,0.044295483713104898,0.038188568519281263,0.039422237578448496,0.03145206729319279,0.045499460377350025,0.064993937574720079,0.02827719199261873,0.034729147122819715,0.014812985762316109,0.016098895346701624,0.04308885199306299,0.037107616250536574,0.042657416455283662,0.026466360733735556,0.039290114387063188,0.040366068510774421,0.028760607373687141,0.015983223456448745
25,0,0,0,0,0,0,7.735980973950396e-06,0,0,0.00083011683823348825,0.0004272084351415377,0.0021219240872124281,0.00076133773168131878,0.0013446213097134459,0.0010657394825119831,0.0014844222102619123,0.0020998423576175673,0.0016071080461580191,0.0017677571280135832,0.0030787917554716908,0.0075446503589165223,0.0051602584995768964,0.010253628191001949,0.011276854565367153,0.014591747621551507,0.021067641137251403,0.021684482677247142,0.025713533992093626,0.023047864612386199,0.025207866236849449,0.030725627323154075,0.032081575755690678,0.032741415433057745,0.036317670180986951,0.029559875235701596,0.040961276911488362,0.031792042369016775,0.039072598833250212,0.030875936838054036,0.038838936420433477,0.034125754202114056,0.027917598631243008,0.05112827240850986,0.04587021294169031,0.040081071046197361,0.045532657264350587,0.046158493402212515,0.030224627013756764,0.045881203555696463,0.027484170110535677,0.036046632153985576,0.024104597804085262,0.027606346803991506,0.026579628708445512,0.037285077196579516,0.023888805274362081,0.035563990270617532,0.036715065952874722,0.065882440290704683,0.016722838738968935
26,0,0,0,0,0,0,0,0,0,0.00048895753548163705,0.00048142439573046049,0.00074540598713189975,0.00023631137203491685,0.00052613718729282522,0.0010565950402306253,0.0014596322728843271,0.0011964006959662209,0.0020810564627249746,0.0017877764365414844,0.0024815976639955294,0.0020851320591786546,0.0051394439166256752,0.0049157789145770747,0.0065067445872912279,0.011119952867717883,0.014525744870983667,0.018403765189796455,0.016849849412970862,0.020915249631395752,0.01740469708596025,0.023058055783806902,0.02554991124726599,0.025974901791819889,0.030828974107166597,0.035427992424886881,0.039544469175235325,0.029967791998077312,0.034043099976293748,0.044533983357308932,0.030941094384695958,0.03333023839792431,0.034780078679866433,0.039235287218420914,0.037911344062792098,0.029986971725779098,0.038440688798058412,0.0298663995550577,0.028469600960138709,0.043283456124975452,0.039443153807404055,0.042940730021013458,0.028626802158604022,0.027221395329120907,0.038187647771835843,0.042256243067630178,0.024347951030826851,0.040863267278391541,0.028285423032323814,0.046004242812888632,0.037636867594673377
27,0,0,0,0,0,0,0,0,0,0,0,0,0.00076347268111644868,0.00070022987807541643,0.00085483219223366446,0.0010097014330325679,0.00092423730369327111,0.0011141953183437571,0.0013211661704087025,0.0022142736083575246,0.0022453970636999395,0.0040448803952438574,0.0032896019903605892,0.0063679305696703239,0.0079997402618431409,0.0077038121539244764,0.012770624872086496,0.017010346982918863,0.015191009674477144,0.019207481336652454,0.016678869131967151,0.021029630411263357,0.022435820544048416,0.022830459522838509,0.027378656237533452,0.03881039006096506,0.025589053261318721,0.033474390516177815,0.037020406617042458,0.031331963361663037,0.02608316706223384,0.031563625107547691,0.037458875465369044,0.029404645646091316,0.042870624475991007,0.030204801630080463,0.025751972072251914,0.01292746714676349,0.040487339384410674,0.032884643002792618,0.035053062080348731,0.04709040923269301,0.037823736921358764,0.04104419239766699,0.047766561879971595,0.039612674799968599,0.02329338286988749,0.045348298036564566,0.033149815419312556,0.027673587046395637
28,0,0,0,0,0,0,0,0,0,0.00050867825259317352,0,0.00058874768461718242,0,0.00075324542079263808,0.00047739730001694636,0.00071071797451697865,0.0010997201365700458,0.0013910272068671857,0.0011708853900601174,0.0016092075882371075,0.0016671241434168312,0.001838519931554358,0.0020782052537585607,0.0045100812789188984,0.0052636914925637893,0.004507862083542283,0.0090260527780414747,0.010354919160371673,0.0130452327372984,0.019504193713836694,0.01477385972564532,0.016162456910058826,0.017794852693319454,0.021087211289115178,0.02022571076566745,0.024367891450866944,0.031216855186476662,0.030166503596332744,0.023624139699447429,0.038344882140544163,0.029606626731480255,0.034299714440206297,0.026655827939159514,0.031675051928080698,0.023454169604407667,0.039362396013296649,0.039890004725497197,0.041261694223978011,0.033163245875128936,0.053211924811808996,0.028861186379514393,0.016832823391413128,0.028304140093936767,0.027718854558160026,0.030075154586166181,0.03036137972198907,0.032430611228463628,0.033314453534027413,0.021632625793905489,0.024946127004201932
29,0,0,0,0,0,0,0,0,0,0,0,0.00046385737418280939,0,0.0001630129960642594,0.00024745047744860975,0.00032510948336588927,0.00094403654062815518,0.0017239247608304877,0.0015278673765029311,0.0013717677362354906,0.00081562906581014478,0.0014969074766863987,0.0030387075623194071,0.0022805560103498026,0.0039875284476215377,0.0067483438370083788,0.0077233467360788878,0.0076092530707847121,0.010450989047829503,0.012910491353559355,0.012995002061988954,0.014162533889767905,0.014900907569672621,0.01721945395895599,0.020981113434179077,0.018964070827654004,0.020583720392778244,0.023467329189970909,0.028498700521194322,0.025153460060132575,0.01636819287603496,0.023765279208476642,0.03154492025337461,0.022714384577384197,0.023582595507602964,0.027303221863033106,0.03069996253342713,0.034294697278858428,0.021408701837359045,0.042988098674314378,0.026337821633546029,0.033381779912886461,0.034498539143911447,0.026992260352631813,0.034439635654258172,0.020195496452624511,0.037640319585588451,0.031686094053628697,0.013985131333587728,0.026524367266577163
30,0,0,0,0,0,0,0,0,0,0,0,0,0,0.00042727420559471123,0.00051801079598200617,0.00018005402312490257,0.0008265628973672817,0.00058606768554632588,0.00092350190077110177,0.0012349600705226611,0.00064813836925953477,0.0018590009955046915,0.0013595375639095452,0.0016883369799976381,0.0025184309636471537,0.0033074016281864648,0.0063665725980996462,0.004293713316090398,0.0075763800720902094,0.011030968901469592,0.011717360865012896,0.013920063087317722,0.013817454375794706,0.01651710770924426,0.019525583520716833,0.013744332894878404,0.018232278779874041,0.025811129942282223,0.024839290590001437,0.024997712670048734,0.020858560510083175,0.034763084274717686,0.021537575706822045,0.026215878800063139,0.028871049401369326,0.031201012399324109,0.022760557934111504,0.024791300014004591,0.029821676935937586,0.023890247791869292,0.027310271088421233,0.038814986630893215,0.024233565610317396,0.027722748791200548,0.028074601088821538,0.019626281212249911,0.032968504677321493,0.025635746331333219,0.02603111114580044,0.056965935621104219
31,0,0,0,0,0,0,0,0,0,0.00073200836032541222,0,0.00038917645805475686,0.00023971705157781591,0.0001149727863239337,0.00010051912453468419,0.00062801941734929212,0.00044912471825048927,0.0004522093524973936,0.00082640371846918125,0.00029871814602159961,0.00075371052410462644,0.00089942417873754279,0.00099703849886283408,0.0021382931080522545,0.0015339717763427458,0.0027694268980224786,0.0041233376583499799,0.0028188443543502553,0.0065763188350949475,0.009704185875952313,0.0094677649642822426,0.012045169603851647,0.014086537454726733,0.011827825406506547,0.01552325494586509,0.01295744761783847,0.014304305730041775,0.011365248747578809,0.020899525767117528,0.019979254205192146,0.025557863764987893,0.016137039502887352,0.022601155457192091,0.032307971658500606,0.023816080253011591,0.020531149885449337,0.04089503419040777,0.029190158176464833,0.025610784873371147,0.020036724692678403,0.030301969885541371,0.023616957167967037,0.035282341605537941,0.024583337841508277,0.050973703870393385,0.033828057476362736,0.016796284188990544,0.032205372819057214,0.034895860723191161,0.034270204062131722
32,0,0,0,0,0,0,0,0,0,0,0,0.00045111611007516128,1.3497595718055558e-05,0.0001749796087597048,0.00028865308476805698,0.00030082246969532827,0.00025859088193432147,0.00049750092727099903,0.00049443380893606891,0.0002039355202742914,0.0013327359162040122,0.0022079383515118361,0.00075536659269353243,0.0016392094756310926,0.0019355498785064362,0.0025311335319214579,0.0030838946542930323,0.0033277582561972554,0.0030889618404082229,0.0050968719154582892,0.0054026345340815914,0.0049295584673880689,0.010150975708901175,0.0071582794454399835,0.010277707214898858,0.012990263935224265,0.013678855318591846,0.014641204646807576,0.01912317816636544,0.015182846087869791,0.02417788561377917,0.027810103047979082,0.028876501647636579,0.018098789658619555,0.025534163159075071,0.017148612369852378,0.02141505836911373,0.030263769636459072,0.044527149871315605,0.026604493838538371,0.042096107566116564,0.035288201145818994,0.017841677281073855,0.023377979471478561,0.020951189779893176,0.028363953523317817,0.022977707163932538,0.032670018500569796,0.022531369889753888,0.031849628696218123
33,0,0,0,0,0,0,0,0,0,0,0,0,0.00023984776291258609,0.00021966749798638205,0.0002995763267342136,0.0012224532802906165,0.00038969340967983095,9.0735531415759221e-05,0.00029464243542555419,0.001063200255961916,0.00066161211411260316,0.00051003009456273673,0.0010013256871440101,0.0014699211733449392,0.0009464094203191438,0.001610575115687283,0.0012272827710489462,0.0030677537002168275,0.0020868208062012747,0.0020029165338841521,0.0053633701038551165,0.0056847897719901211,0.0059908504770028442,0.0094119569966956557,0.014805762766564833,0.010588652131758415,0.017712804983778481,0.0087272932957342241,0.011642704208884969,0.01595183610293904,0.017110268859214208,0.01450872635248846,0.0172852318438497,0.028132083055860593,0.023336784343085594,0.018341766967494524,0.024816729949009696,0.010481554249339506,0.023700733041974852,0.030097632939975093,0.03487388692241121,0.035692136492746551,0.023112780148529376,0.028923386346916637,0.024823574708329809,0.045496028399183368,0.040878694228015176,0.017315209530998698,0.01813114219047041,0.034526245878727886
34,0,0,0,0,0,0,0,0,0,0,0,0,0.00022604126297461576,0,0.00014483749017272718,0,0.0001624776872120771,0.00047221498148288123,0.00019258752166289065,0.00050375490364105015,0.0002758106807963121,0.00055695888961652831,0.0010188661514580752,0.00038729469539223462,0.0012271698122804351,0.0015531701469257227,0.0011931917580347796,0.0018026905748431043,0.0025147216606535212,0.0033428659495189353,0.0025197929843899058,0.0051034329428230763,0.0061013708146376725,0.0053417504955036261,0.0082487406743974971,0.010469252484186335,0.0089345837597693857,0.01366657596057962,0.010524548163817276,0.013169323454743458,0.015316690071200616,0.0080327069504019591,0.014151081777721812,0.010278509707476178,0.020017638926471473,0.022608805424952222,0.023311888145087337,0.020564354497458401,0.016737366093716413,0.022748696714454019,0.026536484076353065,0.0076710874711801115,0.020572849831782512,0.030606792636456829,0.020597630076804523,0.022441792333262874,0.031897514828061135,0.020153804461249585,0.018499876250302263,0.040871959297982714
35,0,0,0,0,0,0,0,0,0.0088649851701154553,0,0,0,0,0,0.00013324219514538268,0.00029281418414901756,7.5170605712228611e-05,0.00032241132880995635,0.00055362070447103067,0.00023666929395057252,0.0004800808216669925,0.00010375528008923709,0.00027831167273293706,0.0006060416995735925,0.00077034336621889694,0.00090996461622837939,0.0013737667482008318,0.0012929693178473603,0.0018832760405542029,0.0017389390005962211,0.0040385723084132297,0.0045986866590986102,0.0027877620711199789,0.0040036211067176657,0.0061874005055273136,0.0095994215012872204,0.0078510084310281364,0.0093106377332649558,0.0074160147063710219,0.011499887203866192,0.014996184487903493,0.010168903873856164,0.01121334478171237,0.019846135702327041,0.012441231087460683,0.013161090086102762,0.025643784307686456,0.014949779360836024,0.018838200704085092,0.026847306510525863,0.0065027606037882258,0.02307826008024047,0.018504776417164345,0.027259411154216904,0.017489255557330226,0.026008041259892145,0.020808606545886177,0.024580746990624167,0.014605844875714971,0.0081449600229955409
36,0,0,0,0,0,0,0,0,0,0,0,0,0,0.00013883629514823664,0.00048325256443250544,0.00062026611881795045,0,0.00024630647901965918,0.0001855578699994978,0.00024386177258767382,0.00024822279548445498,0.00060660917662330911,0.00067243120071126816,0.00039913820862413099,0.00042727637836236464,0.00083459788384756563,0.0013740034733748722,0.00090630639907503024,0.0015721028346956452,0.00090924230021973524,0.0016642590193450704,0.0018546763277473399,0.0025770011284603589,0.0047551602475047975,0.0045753805000033568,0.0043466587610296072,0.0079135805116684801,0.0055199686466426588,0.0065520525977109502,0.0063252857104950499,0.0066140750123602357,0.0095095861746296723,0.0057928676294000054,0.013023487335523965,0.011773240515482198,0.013097014830085893,0.017512677968233505,0.013998787648687118,0.0085657656534735751,0.025184400592598379,0.018807893636489052,0.02294238843677171,0.013238250660394137,0.011445353428913212,0.020790352857890437,0.032653469481294807,0.027231992656233092,0.015042914262083242,0.042643008731604627,0.027458555012507244
37,0,0,0,0,0,0,0,0,0,0,0,0,0,0,0,0.00025456993092290805,0.00018122878681701523,0.00023630854982290719,0.00051179708733709646,0.00040092808705932838,0.00021088782525748977,0.00069381766231705385,0.00026852423733452526,0.00052733961296938937,0.00071391517050035404,0.00077890865964018116,0.0010991127065557989,0.00053627502199193541,0.00082141382411376172,0.0010262154442730988,0.0012088823664220213,0.0011988685741222862,0.0025894952846026403,0.0022469762339471181,0.002889705890073372,0.0042713819309170929,0.0073280111763154472,0.011842896867751564,0.013961331284648045,0.0073639441162452954,0.0056358835100528883,0.0085332520709729756,0.0040202383073954847,0.017799173035818364,0.011075798919877108,0.0059378514751930638,0.017158349069259143,0.023954958675625648,0.010084597183826738,0.010586246317263303,0.0089759516315009828,0.018109815319603581,0.019447987576247282,0.014996846821128567,0.010895867173456131,0.0072027264879420266,0.01388893663750191,0.014643885745961845,0.014184962962080466,0.014524858879539361
38,0,0,0,0,0,0,0,0,0,0,0,0,0,0,0,0.00010604621009259033,0.00053434312323217745,6.5369483445273428e-05,0,7.153293842433251e-05,0.00040435982254875672,0.00023945410249936018,0.00051708864768711289,0.00033237186915459918,0.00021596251022414379,0.0013011919252766738,0.00053377711164458684,0.00028592854924897022,0.00064579123144975503,0.00052558917955030119,0.0013354235306739393,0.0015697037865339929,0.0021546794163136321,0.0024312365588328787,0.0041010827501272952,0.0045068555156482235,0.0027278666447921388,0.0036085686693316595,0.0049112739530807565,0.003784492724951963,0.0069988082507910984,0.0087355224743874017,0.0070067423888633771,0.015585449060398191,0.012236972572659214,0.0042169208437574605,0.004367217039801927,0.011501607893050998,0.012505038659354092,0.010916420059043579,0.024188643275031559,0.013536209878646658,0.043379195191626141,0.020470060817877892,0.017250009769687564,0.016096425443111611,0.0092413182902780847,0.014272886913686802,0.012302089433158019,0.028091362946618618
39,0,0,0,0,0,0,0,0,0,0,0,0,0,0,0,0,0,9.1893669420189998e-05,8.8726001770318501e-05,0.0001584010280617682,0.00013371841845288921,0.00066235726635475707,0.00021635445602279522,8.4197335699658766e-05,0.00013715058755269554,0.00062457278932270311,0.00055144405678168547,0.00094652072647954694,0.00027216625494863188,0.0011743879152859278,0.00083746317768517537,0.00040359329030418531,0.0011264222446409182,0.00068185975679661826,0.0016220799171908025,0.0048902597671103727,0.0042634313695436446,0.0024663677694728892,0.0049970373018063084,0.0022764709183960207,0.0078340751334497038,0.0057220789485490399,0.0066071892578390152,0.014041682086544225,0.0084028456867601461,0.0077099525847299337,0.0076666091531868456,0.0077504224561369362,0.0088538949340309057,0.016586878241792748,0.0029533545111626066,0.019973797075440586,0.010273212688046044,0.0065634189076311895,0.014774467844050048,0.0084914087280477338,0.016909850388212487,0.019189788749490795,0.034728336343340035,0.047085712759412826
40,0,0,0,0,0,0,0,0,0,0,0,0,0,0,0,0,0,0.00011739272367739534,0.00046233191756665142,5.0443604985327173e-05,0.00016044791715398953,0.00015180467545877868,0.00042007132917796022,0.00036524678424724967,0.00018920767794080193,0.0001240677313287409,0.00047301385474739639,0.00050787390401465702,0.00044141072366338772,0.00040531031997229235,0.001657829730644665,0.00054413836541217166,0.00093740532051991398,0.0014302504820508557,0.0014312587486138397,0.0024297394085045351,0.0028232548424916106,0.0019351500714324193,0.0038137573434570186,0.0055550311502250063,0.0087703053117262654,0.0056486015628493761,0.011130386101174771,0.0050649049354367396,0.0043097155691793638,0.0048852475187990711,0.0067163074065390753,0.0016069326332256541,0.0054919732698645047,0.016710635356805541,0.011182001083108795,0.011090929127173185,0.011595036600416657,0.018095230249731514,0.011246546541046539,0.003314134157686281,0.018833224467811886,0.0093337971018850503,0.029176137296977576,0.012062824507527168
41,0,0,0,0,0,0,0,0,0,0,0.0002374002253613964,0,0,0,0,0,0,0,0,0,0.00018772084760419489,0,0.00070075501526735266,8.5735906461421134e-05,0,0.0006699236746389943,0.00010756593729082058,0.00047621336740218383,0.00031037177834618393,0.0005333560758641996,0.00076992776318419369,0.00051598193202066734,0.00052583473507677655,0.00045383167955833785,0.001543170114389853,0.0018342866253980336,0.0031375432774972531,0.0024834175855090335,0.0030749881912326732,0.002654017916561599,0.0042920837853035829,0.0051718678658866256,0.0039140506665979726,0.007404309389815511,0.0056668781931550815,0.0059378514751930638,0.021494352392800269,0.0058419610297453014,0.005898386750127908,0.0038743468908501773,0.0046055929934664371,0.010731377377793396,0.011790970273075914,0.013370861769283907,0.011031065194491867,0.020350414289721348,0.015065426356512743,0.010366621629565771,0.019492406988502079,0.02039279859786456
42,0,0,0,0,0,0,0,0,0,0,0,0,0,0,0,0,0,9.9504593777647048e-05,5.565824233263321e-05,0,0,4.8192363778434237e-05,0.00035653436201790495,0.00015564508508554087,1.6427447562709257e-06,0.00025745731396785296,7.7281232194260002e-05,0.00055040122492916617,0.00053841120544972118,0.00047555144761947203,0.0017942168333032508,0.0010267920668112546,0,0.00073574705208548081,0.0013393399473793149,0.0011400704708743716,0.00017530590608621433,0.0033818712284200544,0.001277256567847078,0.00093531998795657147,0.0030610448992076577,0.0036408800855746493,0.0032702251153821781,0.0024755867040682149,0.002846792506924079,0.0035795816774464155,0.0041466649758773204,0.010662758929422264,0.0072705476105649047,0.0085109178111492691,0.0061908864270190534,0.005554339263103978,0.0089766954379939725,0.011662240944770591,0.0071161971072164027,0.013781663510142761,0.015381041147351282,0.0093337971018850503,0.018532517476056366,0.014740597038861433
43,0,0,0,0,0,0,0,0,0,0,0,0,0,0,0,0.00014368269398640324,0,0,0,0,0,8.3888027963902794e-05,0,0.00024412817582598848,0.0002381465960150547,0.00016002142286142404,0.00021557303728422306,0.00021930828776031301,0.00021917015470818141,0.00071226543823367278,0.00027323877306844935,0.00070016789486733325,0.0010053291191064568,0.00080679939386380786,0.0002227868242974358,0.00055846852805889816,0.00061209930940467003,0.0046511250717817714,0.0033403639784220737,0.0027032210564803525,0.0011166187390096655,0.0004331496159426237,0.0014939560212885268,0.0035298836068185205,0.0063012495314294431,0.0085679933326226164,0.0026739549963544903,0.0019707258566546296,0.0097938033446168526,0.0037520360657505125,0.0096737876391364934,0.0048939883815121189,0.0098644125832336865,0.010106809105673385,0.018010617431450465,0.0052584303228141536,0.0089278626952910174,0.0069482634702930247,0.0028253022710369425,0.019295403886234484
44,0,0,0,0,0,0,0,0,0,0,0,0,0,0,0,0,0,0,0,0,8.3457408280569113e-05,0.00023876631577773627,0,4.9253941156425171e-05,7.7056935207812439e-05,6.7241559750199332e-05,0.00026773035348859949,0.00020141081800396324,0,0.00020343522153099742,0.0001380949956937872,0.00028771493424730506,0.00017254554602649927,0.00068308449018153635,0.0006727844322872488,0.00040926111558558988,0,0.0019661223466098479,0.0022792913379137999,0.0020956261454959969,0.0030061830482115944,0.002095891551238216,0.0024335168102702512,0.0041065318484941405,0.009171165153011588,0.0012213118796997678,0.010673391380074041,0,0.0011206405547221341,0.0060372899437359673,0.0051087318338056869,0.012352653303778756,0.0042692424933570127,0.013270416581301707,0.0047156207307502852,0.018977141411134959,0.015381041147351282,0.011875810552990711,0.014706509790560457,0.0098069441714698311
45,0,0,0,0,0,0,0,0,0,0,0,0,0,0,0,0,0,0,0,0.00039258274393163184,0,0.00015680906547947638,0,0.00032410054032531706,0.00016107709272676857,0,9.4776918067586188e-05,0.00027693508349996163,0.00037603676493382619,0.00020956918049620433,0.00033887373649746784,0.00047933028511997432,1.1738634927067068e-09,0.00066690141658440978,0.00041609357158371095,0.0024747780225663927,0.00097091308352329386,0.00036142277522298576,0.0016405317280839139,0.0014249284219147479,0.0017525074011633095,0.001187129380492142,0.0025877111873087054,0.0024755867040682149,0,0.0035795816774464155,0.0082933299517546407,2.6788433203014909e-06,0.0027112353147372404,0.0030186449718679837,0.0020884322738918657,0.0082648130568299255,0.0029668797800429829,0.010106809105673385,0.0059435769861785944,0.017932699954630701,0.0026611849325022838,0.0047796148910368378,0.0046586387426311229,0.017638888740119325
46,0,0,0,0,0,0,0,0,0,0,0,0,0,0,0,0,7.4553959119970893e-05,0,9.7373360379212425e-05,0,0,4.8192363778434237e-05,0,0.00014133740076286333,0,0.00056458386122907884,0.00013172909351813551,7.4641477095975308e-05,0.00011024068459581348,0.00062404500798764477,0.00015305967689875695,0.00017094087077701184,0.00072224380439201113,0.00075644062112647332,0.00012820034699457785,0.00014483852528090834,0.0010019427318554157,0.00041081195864792566,0,0.00099867021525927623,0.00054317439175833389,5.0744325605183035e-05,0.0017892801605962955,0.0026668049725077215,0,0.0040653910028675229,0.0012009642542071875,0.0039414517133092592,0.0062525193296770459,9.2530462469441641e-16,0.0044364151093937631,0.0071548165374843119,0.0031606749555201557,0.013686119111299218,0.012758646884209728,0.011971656617788826,0.0039155783101785897,0,0.0083752418982653426,0.0087061030623630555
47,0,0,0,0,0,0,0,0,0,0,0,0,0,0,0,0,0,0,0,0,0,0,0,0,3.4101998493406437e-05,4.8329360903169788e-07,0.00021845532592362386,0.00013400510841372098,8.9890409154556937e-05,9.8288627655128682e-05,0.00015501725299362228,1.3399612306742089e-19,0.00041236415199186785,0.00028016832700513279,0,0.00020557831714135275,0.00030515346413820303,0.00029470463886980831,0.00039219832329584952,0,0.0010488326399543235,0.00299389332587716,0.006462706309961137,0.0025339246789268691,0.0025357941441394882,0.002995608964057692,0.0041466649758773204,0,0.0067224735349700184,0.0083995862188828568,0.0074650685926049105,0.0019680562948444359,0.022755224387794336,0.0041575866551008169,0.0043580097276691805,0.0095059356568483813,0.0026611849325022838,0.0086972703840280195,0.0060714864557083904,0.0062180277157043752
48,0,0,0,0,0,0,0,0,0,0,0,0,0,0,0,0,0,0,0,0,0,6.8402415900186672e-05,0,8.05225528875464e-05,8.0933045627622211e-05,0.0007457854932544888,0,0,0.00017935321732796071,0.0001266191873454852,0.00024961998722619941,0.00014576079638763592,0.00063982223107617248,0.00018540952826764432,4.7447265963903138e-05,0.00029064437077781563,0.00042412846961513483,0.00072284555044597153,0,0.00043103353419941814,0.0016476193029130815,0.0006147961596764843,0.0017646995765132722,0.0063743687470451966,0,0.0035795816774464155,0.0059431032956361015,0,0.0035412840149398059,0.007600600031606757,0.0053766363187130444,0.0013865779980049161,0.0073481240222952474,0.0046282043461201095,0.0057371034174427916,0.0056985992226096802,0.0063599281074244989,0.016696072473284404,0.011722090997782276,0.0047314457737217411
49,0,0,0,0,0,0,0,0,0,0,0,0,0,0,0,0,0.00011101646036873281,0,0,0,0,0,0,8.5735906461421134e-05,0.0001008930603652464,0.00010086111241876605,0.00019831297031511176,0.00028107079690096478,0.00011024068459581348,0.00011306831370152286,0,0,0.00047560423964864665,0.00019581375926280077,0,0.00023161475701382385,0,0.00054198706168794421,0,0,0,0.0011283722586897318,0.00052611031573717695,0.00084464155964228979,0,0.00086046531571780176,0,0.0019707258566546296,0,0.0044798163383976616,0.00401760493461897,0,0.0029668797800429829,0.010250387871712712,0.011559738857067533,0.0013698379925584086,0.006851179105865776,0.0044171508649587443,0.0079543599846308381,0.0049379513711654936
50,0,0,0,0,0,0,0,0,0,0,0,0,0,0,0,0,0,8.1136185612642244e-05,9.2778934999748902e-05,0,0,0,1.7622067171022195e-05,0,0.00010470890001603592,0,6.989240869243531e-05,8.8182080859491754e-05,0.00022131637728874359,0,0,0.00013387978133877105,0.0003750003853281882,0.00075750047876767268,0.00018166068964253708,0,0.00053479286636447547,0.00036142277522298576,0,0.00076759470067123026,0,0.002122755688775521,5.1075910796307645e-05,0.0010358598280817959,0.00074234514944161614,0,0,0.0035135402675332788,0.0011206405547221341,0.0019172276101902736,0.026004089124332542,0.0053226905876937883,0.003875194411272482,0.0020787933275504085,0.0037796700662397291,0,0.0061463027227204063,0.0038309627434628922,0.0028253022710369425,0.0057860026689607741
51,0,0,0,0,0,0,0,0,0,0,0,0,0,0,0,0,0,0,0,0,0,0,0.00024447924481043671,0,5.0042333465057813e-05,0,0.00059190712194036983,0,0.00011024068459581348,9.8262037191744071e-05,0,0,9.9124725235354743e-05,0,0.00040444751393997293,0.00045769747682557693,0.00059270933826691542,0,0,0.00052861514749805735,0,0,0.0010292080819387487,4.8449703130111579e-05,0,0.002995608964057692,0.011348256786546848,0.0016069326332256541,0.003181189520030213,0.0034805376980610631,0.0047911878645739035,0.0013865779980049161,0.0020333100022644538,0.0035433901980421951,0.0024005763764661171,0,0,0.0024331538202825632,0.0023037554425569522,0.012328830750619447
52,0,0,0,0,0,0,0,0,0,0,0,0,0,0,0,0,0,0,0,0,0,0,0,0,0,7.6031848998256549e-05,9.4776918067586188e-05,0,0,0,0,0,0.00015971031291464127,0.00011249195085711499,0,0.00020989473228155518,0,0,0,0.00083229630564828939,0.0011322325647023998,0.00097535829156249415,0,0,0,0,0,0.0031028771265871383,0,0.0015633100878707888,0,0.0038001822446349599,0,0,0.0061802464427058472,0.0046839721502446897,0.0058686771089832227,0.0048663076405651264,0,0.0047179147080695294
53,0,0,0,0,0,0,0,0,0,0,0,0,0,0,0,0,0,0,0,0,0,0,0,0,0,0,0,0.00020661164872981365,0.00062421483959433969,9.8167217025059609e-05,0,8.3173707245279835e-05,0.00031542435102886675,0,0,0.00050423831936844831,0,0,0.00096698200568392199,0.00052861514749805735,0.00054317439175833389,0.0006147961596764843,0.00074674105615331831,0,2.9532828347286069e-18,0.001497804482028846,0.0031213717495781469,0,0,0.0034805376980610631,0,0.0024136042466300434,0.0039592648424628344,0.0025494110185723309,0,0.0043287612300512718,0.0021699339340610076,0,0.0016230920923357242,0.0023589573540347647
54,0,0,0,0,0,0,0,0,0,0,0,0,0,0,0,0,0,0,0,0,0,1.6386332450857576e-05,0,0,0,0,0,5.9770171554023014e-05,0,5.9593760886520623e-05,0,0,0,0,0,0,0,0.00040646916993650818,0.00060689092974629006,0.00030368115815023199,0.00054317439175833389,0.0007539797645495182,0,0.00084464155964228979,0.0013736761161648704,0,0,0,0.0015905947600151065,0,0,0,0.0012263066154490081,0.0020787933275504085,0.0024005763764661171,0.0047689301298467976,0.0036987431749222152,0.0052287716666432208,0.0028253022710369425,0.0018246916589548352
55,0,0,0,0,0,0,0,0,0,0,0,0,0,0,0,0,0,0,0,0,0,0,0,0,0,0.00026580976360938963,6.1139250842121094e-05,0,0,0,0,8.3173707245279835e-05,0,0.00018072331953490622,0,0,0,0,0,0,0.0015252678092085407,0,0,0,0.00074159859378496575,0,0,0,0,0,0,0.0038001822446349599,0,0.0025494110185697006,0,0,0,0,0.0023037554425569522,0.0033239682969485825
56,0,0,0,0,0,0,0,0,0,0,0,0,0,0,0,0,0,0,0,0,0,0,0,0,0,0,0,0,0,0,7.7508626496811139e-05,8.3173707245279835e-05,0,0,0.00018166068964253708,0,0,0,0.00043664805084691873,0.00052861514749805735,0,0.0007539797645495182,1.1153851556221974e-24,0,0,0.0012213118796997678,0,7.3709895923828963e-05,0,0,0,0,0,0.0020787933275504085,0,0,0,0.0019839970446761807,0.0023037554425569522,0
57,0,0,0,0,0,0,0,0,0,0,0,0,0,0,0,0,0,0,0,0,0,7.9436789949795304e-05,8.4312486003498325e-05,6.9909178624119725e-05,0,0,0,0,0.00010976772173829067,0,0,0,0,0,0,0.00020557831714135275,0,0,0,0,0,0,0,0,0,0,0,0,0,0.0019172276101902736,0,0.0043816605414744797,0,0.0014645968704917872,0.0015823824866189786,0.0013698379925584086,0.0021699339340610076,0,0.003926847534892676,0.0057860026689607741
58,0,0,0,0,0,0,0,0,0,0,0,0,0,0,0,0,2.8511486525315777e-10,0,0,0,0,0,0,6.943987047742988e-05,0,0,0,6.7438510664906792e-05,0,0,0,0,0,0.00015966681450464725,0,0,0.00030515346413820303,0,0,0.0004482917641980259,0,0,0,0.00092821342876068711,0,0.001497804482028846,0,0,0,0,0.0017029106112685622,0,0,0,0,0,0.0051220210405075652,0,0,0
59,0,0,0,0,0,0,0,0,0,0,0,0,0,0,0,0,0,0,0,0,0,0,0,0,0,0,0,0,0,0,0.0001100128088728367,0,0,0,0,0,0,0,0,0,0,0,0,0,0,0.0012213118796997678,0,0.0011321512699325087,0,0,0.0016894905045369397,0,0,0,0,0.0019442961651278726,0,0,0.0044483943633726666,0
