local_numi_reco_bin,true_bin_000,true_bin_001,true_bin_002,true_bin_003,true_bin_004,true_bin_005,true_bin_006,true_bin_007,true_bin_008,true_bin_009,true_bin_010,true_bin_011,true_bin_012,true_bin_013,true_bin_014,true_bin_015,true_bin_016,true_bin_017,true_bin_018,true_bin_019,true_bin_020,true_bin_021,true_bin_022,true_bin_023,true_bin_024,true_bin_025,true_bin_026,true_bin_027,true_bin_028,true_bin_029,true_bin_030,true_bin_031,true_bin_032,true_bin_033,true_bin_034,true_bin_035,true_bin_036,true_bin_037,true_bin_038,true_bin_039,true_bin_040,true_bin_041,true_bin_042,true_bin_043,true_bin_044,true_bin_045,true_bin_046,true_bin_047,true_bin_048,true_bin_049,true_bin_050,true_bin_051,true_bin_052,true_bin_053,true_bin_054,true_bin_055,true_bin_056,true_bin_057,true_bin_058,true_bin_059
0,0,0,0,0,0,0,0,0,0,0,0,0,0,0,0,0,0,0,0,0,0,0,0,0,0,0,0,0,0,0,0,0,0,0,0,0,0,0,0,0,0,0,0,0,0,0,0,0,0,0,0,0,0,0,0,0,0,0,0,0
1,0,0,0,0,0,0,0,0,0,0,0,0,0,0,0,0,0,0,0,0,0,0,0,0,0,0,0,0,0,0,0,0,0,0,0,0,0,0,0,0,0,0,0,0,0,0,0,0,0,0,0,0,0,0,0,0,0,0,0,0
2,0,0,0,0,0,0,0,0,0,0,0,0,0,0,0,0,0,0,0,0,0,0,0,0,0,0,0,0,0,0,0,0,0,0,0,0,0,0,0,0,0,0,0,0,0,0,0,0,0,0,0,0,0,0,0,0,0,0,0,0
3,0,0,0,0,0,0,0,0,0,0,0,0,0,0,0,0,0,0,0,0,0,0,0,0,0,0,0,0,0,0,0,0,0,0,0,0,0,0,0,0,0,0,0,0,0,0,0,0,0,0,0,0,0,0,0,0,0,0,0,0
4,0,0,0,0,0,0,0,0,0,0,0,0,0,0,0,0,0,0,0,0,0,0,0,0,0,0,0,0,0,0,0,0,0,0,0,0,0,0,0,0,0,0,0,0,0,0,0,0,0,0,0,0,0,0,0,0,0,0,0,0
5,0,0,0,0,0,0,0,0,0,0,0,0,0,0,0,0,0,0,0,0,0,0,0,0,0,0,0,0,0,0,0,0,0,0,0,0,0,0,0,0,0,0,0,0,0,0,0,0,0,0,0,0,0,0,0,0,0,0,0,0
6,0,0,0,0,0,0,0,0,0,0,0,0,0,0,0,0,0,0,0,0,0,0,0,0,0,0,0,0,0,0,0,0,0,0,0,0,0,0,0,0,0,0,0,0,0,0,0,0,0,0,0,0,0,0,0,0,0,0,0,0
7,0,0,0,0,0,0,0,0,0,0,0,0,0,0,0,0,0,0,0,0,0,0,0,0,0,0,0,0,0,0,0,0,0,0,0,0,0,0,0,0,0,0,0,0,0,0,0,0,0,0,0,0,0,0,0,0,0,0,0,0
8,0,0,0,0,0,0,0,0,0,0,0,0,0,0,0,0,0,0,0,0,0,0,0,0,0,0,0,0,0,0,0,0,0,0,0,0,0,0,0,0,0,0,0,0,0,0,0,0,0,0,0,0,0,0,0,0,0,0,0,0
9,0,0,0,0,0,0,0,0,0,0,0,0,0,0,0,0,0,0,0,0,0,0,0,0,0,0,0,0,0,0,0,0,0,0,0,0,0,0,0,0,0,0,0,0,0,0,0,0,0,0,0,0,0,0,0,0,0,0,0,0
10,0,0,0,0,0,0,0,0,0,0,0,0,0,0,0,0,0,0,0,0,0,0,0,0,0,0,0,0,0,0,0,0,0,0,0,0,0,0,0,0,0,0,0,0,0,0,0,0,0,0,0,0,0,0,0,0,0,0,0,0
11,0,0,0,0,0,0,0,0,0,0,0,0,0,0,0,0,0,0,0,0,0,0,0,0,0,0,0,0,0,0,0,0,0,0,0,0,0,0,0,0,0,0,0,0,0,0,0,0,0,0,0,0,0,0,0,0,0,0,0,0
12,0,0,0,0,0,0,0,0,0,0,0,0,0,0,0,0,0,0,0,0,0,0,0,0,0,0,0,0,0,0,0,0,0,0,0,0,0,0,0,0,0,0,0,0,0,0,0,0,0,0,0,0,0,0,0,0,0,0,0,0
13,0,0,0,0,0,0,0,0,0,0,0,0,0,0,0,0,0,0,0,0,0,0,0,0,0,0,0,0,0,0,0,0,0,0,0,0,0,0,0,0,0,0,0,0,0,0,0,0,0,0,0,0,0,0,0,0,0,0,0,0
14,0,0,0,0,0,0,0,0,0,0,0,0,0,0,0,0,0,0,0,0,0,0,0,0,0,0,0,0,0,0,0,0,0,0,0,0,0,0,0,0,0,0,0,0,0,0,0,0,0,0,0,0,0,0,0,0,0,0,0,0
15,0,0,0,0,0,0,0,0,0,0,0,0,0,0,0,0,0,0,0,0,0,0,0,0,0,0,0,0,0,0,0,0,0,0,0,0,0,0,0,0,0,0,0,0,0,0,0,0,0,0,0,0,0,0,0,0,0,0,0,0
16,0,0,0,0,0,0,0,0,0,0,0,0,0,0,0,0,0,0,0,0,0,0,0,0,0,0,0,0,0,0,0,0,0,0,0,0,0,0,0,0,0,0,0,0,0,0,0,0,0,0,0,0,0,0,0,0,0,0,0,0
17,0,0,0,0,0,0,0,0,0,0,0,0,0,0,0,0,0,0,0,0,0,0,0,0,0,0,0,0,0,0,0,0,0,0,0,0,0,0,0,0,0,0,0,0,0,0,0,0,0,0,0,0,0,0,0,0,0,0,0,0
18,0,0,0,0,0,0,0,0,0,0,0,0,0,0,0,0,0,0,0,0,0,0,0,0,0,0,0,0,0,0,0,0,0,0,0,0,0,0,0,0,0,0,0,0,0,0,0,0,0,0,0,0,0,0,0,0,0,0,0,0
19,0,0,0,0,0,0,0,0,0,0,0,0,0,0,0,0,0,0,0,0,0,0,0,0,0,0,0,0,0,0,0,0,0,0,0,0,0,0,0,0,0,0,0,0,0,0,0,0,0,0,0,0,0,0,0,0,0,0,0,0
20,0,0,0,0,0,0,0,0,0,0,0,0,0,0,0,0,0,0,0,0,0,0,0,0,0,0,0,0,0,0,0,0,0,0,0,0,0,0,0,0,0,0,0,0,0,0,0,0,0,0,0,0,0,0,0,0,0,0,0,0
21,0,0,0,0,0,0,0,0,0,0,0,0,0,0,0,0,0,0,0,0,0,0,0,0,0,0,0,0,0,0,0,0,0,0,0,0,0,0,0,0,0,0,0,0,0,0,0,0,0,0,0,0,0,0,0,0,0,0,0,0
22,0,0,0,0,0,0,0,0,0,0,0,0,0,0,0,0,0,0,0,0,0,0,0,0,0,0,0,0,0,0,0,0,0,0,0,0,0,0,0,0,0,0,0,0,0,0,0,0,0,0,0,0,0,0,0,0,0,0,0,0
23,0,0,0,0,0,0,0,0,0,0,0,0,0,0,0,0,0,0,0,0,0,0,0,0,0,0,0,0,0,0,0,0,0,0,0,0,0,0,0,0,0,0,0,0,0,0,0,0,0,0,0,0,0,0,0,0,0,0,0,0
24,0,0,0,0,0,0,0,0,0,0,0,0,0,0,0,0,0,0,0,0,0,0,0,0,0,0,0,0,0,0,0,0,0,0,0,0,0,0,0,0,0,0,0,0,0,0,0,0,0,0,0,0,0,0,0,0,0,0,0,0
25,0,0,0,0,0,0,0,0,0,0,0,0,0,0,0,0,0,0,0,0,0,0,0,0,0,0,0,0,0,0,0,0,0,0,0,0,0,0,0,0,0,0,0,0,0,0,0,0,0,0,0,0,0,0,0,0,0,0,0,0
26,0,0,0,0,0,0,0,0,0,0,0,0,0,0,0,0,0,0,0,0,0,0,0,0,0,0,0,0,0,0,0,0,0,0,0,0,0,0,0,0,0,0,0,0,0,0,0,0,0,0,0,0,0,0,0,0,0,0,0,0
27,0,0,0,0,0,0,0,0,0,0,0,0,0,0,0,0,0,0,0,0,0,0,0,0,0,0,0,0,0,0,0,0,0,0,0,0,0,0,0,0,0,0,0,0,0,0,0,0,0,0,0,0,0,0,0,0,0,0,0,0
28,0,0,0,0,0,0,0,0,0,0,0,0,0,0,0,0,0,0,0,0,0,0,0,0,0,0,0,0,0,0,0,0,0,0,0,0,0,0,0,0,0,0,0,0,0,0,0,0,0,0,0,0,0,0,0,0,0,0,0,0
29,0,0,0,0,0,0,0,0,0,0,0,0,0,0,0,0,0,0,0,0,0,0,0,0,0,0,0,0,0,0,0,0,0,0,0,0,0,0,0,0,0,0,0,0,0,0,0,0,0,0,0,0,0,0,0,0,0,0,0,0
30,0,0,0,0,0,0,0,0,0,0,0,0,0,0,0,0,0,0,0,0,0,0,0,0,0,0,0,0,0,0,0,0,0,0,0,0,0,0,0,0,0,0,0,0,0,0,0,0,0,0,0,0,0,0,0,0,0,0,0,0
31,0,0,0,0,0,0,0,0,0,0,0,0,0,0,0,0,0,0,0,0,0,0,0,0,0,0,0,0,0,0,0,0,0,0,0,0,0,0,0,0,0,0,0,0,0,0,0,0,0,0,0,0,0,0,0,0,0,0,0,0
32,0,0,0,0,0,0,0,0,0,0,0,0,0,0,0,0,0,0,0,0,0,0,0,0,0,0,0,0,0,0,0,0,0,0,0,0,0,0,0,0,0,0,0,0,0,0,0,0,0,0,0,0,0,0,0,0,0,0,0,0
33,0,0,0,0,0,0,0,0,0,0,0,0,0,0,0,0,0,0,0,0,0,0,0,0,0,0,0,0,0,0,0,0,0,0,0,0,0,0,0,0,0,0,0,0,0,0,0,0,0,0,0,0,0,0,0,0,0,0,0,0
34,0,0,0,0,0,0,0,0,0,0,0,0,0,0,0,0,0,0,0,0,0,0,0,0,0,0,0,0,0,0,0,0,0,0,0,0,0,0,0,0,0,0,0,0,0,0,0,0,0,0,0,0,0,0,0,0,0,0,0,0
35,0,0,0,0,0,0,0,0,0,0,0,0,0,0,0,0,0,0,0,0,0,0,0,0,0,0,0,0,0,0,0,0,0,0,0,0,0,0,0,0,0,0,0,0,0,0,0,0,0,0,0,0,0,0,0,0,0,0,0,0
36,0,0,0,0,0,0,0,0,0,0,0,0,0,0,0,0,0,0,0,0,0,0,0,0,0,0,0,0,0,0,0,0,0,0,0,0,0,0,0,0,0,0,0,0,0,0,0,0,0,0,0,0,0,0,0,0,0,0,0,0
37,0,0,0,0,0,0,0,0,0,0,0,0,0,0,0,0,0,0,0,0,0,0,0,0,0,0,0,0,0,0,0,0,0,0,0,0,0,0,0,0,0,0,0,0,0,0,0,0,0,0,0,0,0,0,0,0,0,0,0,0
38,0,0,0,0,0,0,0,0,0,0,0,0,0,0,0,0,0,0,0,0,0,0,0,0,0,0,0,0,0,0,0,0,0,0,0,0,0,0,0,0,0,0,0,0,0,0,0,0,0,0,0,0,0,0,0,0,0,0,0,0
39,0,0,0,0,0,0,0,0,0,0,0,0,0,0,0,0,0,0,0,0,0,0,0,0,0,0,0,0,0,0,0,0,0,0,0,0,0,0,0,0,0,0,0,0,0,0,0,0,0,0,0,0,0,0,0,0,0,0,0,0
40,0,0,0,0,0,0,0,0,0,0,0,0,0,0,0,0,0,0,0,0,0,0,0,0,0,0,0,0,0,0,0,0,0,0,0,0,0,0,0,0,0,0,0,0,0,0,0,0,0,0,0,0,0,0,0,0,0,0,0,0
41,0,0,0,0,0,0,0,0,0,0,0,0,0,0,0,0,0,0,0,0,0,0,0,0,0,0,0,0,0,0,0,0,0,0,0,0,0,0,0,0,0,0,0,0,0,0,0,0,0,0,0,0,0,0,0,0,0,0,0,0
42,0,0,0,0,0,0,0,0,0,0,0,0,0,0,0,0,0,0,0,0,0,0,0,0,0,0,0,0,0,0,0,0,0,0,0,0,0,0,0,0,0,0,0,0,0,0,0,0,0,0,0,0,0,0,0,0,0,0,0,0
43,0,0,0,0,0,0,0,0,0,0,0,0,0,0,0,0,0,0,0,0,0,0,0,0,0,0,0,0,0,0,0,0,0,0,0,0,0,0,0,0,0,0,0,0,0,0,0,0,0,0,0,0,0,0,0,0,0,0,0,0
44,0,0,0,0,0,0,0,0,0,0,0,0,0,0,0,0,0,0,0,0,0,0,0,0,0,0,0,0,0,0,0,0,0,0,0,0,0,0,0,0,0,0,0,0,0,0,0,0,0,0,0,0,0,0,0,0,0,0,0,0
45,0,0,0,0,0,0,0,0,0,0,0,0,0,0,0,0,0,0,0,0,0,0,0,0,0,0,0,0,0,0,0,0,0,0,0,0,0,0,0,0,0,0,0,0,0,0,0,0,0,0,0,0,0,0,0,0,0,0,0,0
46,0,0,0,0,0,0,0,0,0,0,0,0,0,0,0,0,0,0,0,0,0,0,0,0,0,0,0,0,0,0,0,0,0,0,0,0,0,0,0,0,0,0,0,0,0,0,0,0,0,0,0,0,0,0,0,0,0,0,0,0
47,0,0,0,0,0,0,0,0,0,0,0,0,0,0,0,0,0,0,0,0,0,0,0,0,0,0,0,0,0,0,0,0,0,0,0,0,0,0,0,0,0,0,0,0,0,0,0,0,0,0,0,0,0,0,0,0,0,0,0,0
48,0,0,0,0,0,0,0,0,0,0,0,0,0,0,0,0,0,0,0,0,0,0,0,0,0,0,0,0,0,0,0,0,0,0,0,0,0,0,0,0,0,0,0,0,0,0,0,0,0,0,0,0,0,0,0,0,0,0,0,0
49,0,0,0,0,0,0,0,0,0,0,0,0,0,0,0,0,0,0,0,0,0,0,0,0,0,0,0,0,0,0,0,0,0,0,0,0,0,0,0,0,0,0,0,0,0,0,0,0,0,0,0,0,0,0,0,0,0,0,0,0
50,0,0,0,0,0,0,0,0,0,0,0,0,0,0,0,0,0,0,0,0,0,0,0,0,0,0,0,0,0,0,0,0,0,0,0,0,0,0,0,0,0,0,0,0,0,0,0,0,0,0,0,0,0,0,0,0,0,0,0,0
51,0,0,0,0,0,0,0,0,0,0,0,0,0,0,0,0,0,0,0,0,0,0,0,0,0,0,0,0,0,0,0,0,0,0,0,0,0,0,0,0,0,0,0,0,0,0,0,0,0,0,0,0,0,0,0,0,0,0,0,0
52,0,0,0,0,0,0,0.0056865991399646081,0,0,0,0,0,0,0.00073669054062609242,0.00076029410515429923,0,0,0,0,0,0,0,0,0,0,0,0,0,0,0,0,0,0,0,0,0,0,0,0,0,0,0,0,0,0,0,0,0,0,0,0,0,0,0,0,0,0,0,0,0
53,0,0,0,0,0.040151162493229128,0.003097395551762252,0.0013336234201470987,6.0417415301893794e-05,0.00019534355229541703,3.4492727917224368e-05,0,2.2430269341335104e-05,0,0,0,0,0,0,0,0,0,7.7992573426797885e-06,7.3892693858201896e-06,1.3699422863834716e-05,0,0,1.2834271300483357e-05,0,0,1.1799014497312671e-05,0,0,0,0,0,1.7467157766597747e-05,0,0,0,0,0,0,0,0,0,0,0,0,0,0,0,0,0,0,0,0,0,0,0,0
54,0,0,0,0,0.46843814447999349,1.4285841034173168,0.86548888949797353,0.41120673418697462,0.2015488538004058,0.088906728943590543,0.045905654654074562,0.033173641490388393,0.02145047568631174,0.011923695237412889,0.0086126142476447756,0.004062159354517746,0.0054860126513377513,0.0035306270083473625,0.0017173064009939505,0.001102346833942167,0.0017902028478096435,0.0018221222605660661,0.0016473991539250677,0.0015548183921269636,0.0027608154910314813,0.0014781662298073571,0.001590991950381433,0.00096330204165204171,0.0017759215018304285,0.002347434374945695,0.001627278746483768,0.0011848256513020555,0.00056051591014315792,0.0019947059341119742,0.00098340780768211341,0.00094515197916154045,0.00031023118921050621,0.0011270222535041154,0.00096332169886293177,0.0013457076000610783,0.00027057153933853346,0,0.00047213244010862175,0.00082967183220038752,0.00086130232727291134,0.0012265812079009129,0.001240487459620734,0,0,0,0,0,0,0,1.3278642687109416e-09,0,0,0,0,0
55,0,0,0,0,0,0.64300345272073856,2.3296071882329037,3.4439971267776204,2.6895125420327597,1.7268647536749373,1.0685014847746379,0.76762591060341845,0.59370881115647434,0.31396233462811374,0.20984119904380513,0.15985882961894421,0.10157211311937479,0.082181267458468835,0.052888730648708283,0.047886502563083647,0.030866893864681114,0.027061242186584546,0.020935039133139259,0.030263951452079749,0.009690700201857529,0.027460982026753622,0.015675560879676118,0.014519855288088971,0.013764931766598265,0.012091281800595512,0.0069525693415043062,0.009130895117748429,0.0080008018853131337,0.0085404859497488356,0.0083357025990339374,0.0079377607993883562,0.0060044363837433307,0.010732475839692746,0.0025375569986355604,0.0036267160262743493,0.0027359836145328981,0.0059145449324684114,0.0064470045038553664,0.0028275370447183156,0.0035998642399322021,0.0041802115837740947,0.0042364075773027024,0,0.014524682756190774,0,0,0.0043811056812082926,0,0,0,0,0,0,0,0
56,0,0,0,0,0,0.68332456054048651,0.88675359681953225,1.6700641018600646,3.1323646069617204,4.4954890325477157,3.3306091460565561,2.2898235791562578,1.7738126400987129,1.4430734538213936,0.92149621933286441,0.73179155782183092,0.48653819925117398,0.33068707098816813,0.23653105084728446,0.17843395942594961,0.14371428068030551,0.12986624287034118,0.096314882571140223,0.066402897610947739,0.056405807522150297,0.052065553747833906,0.047660473910477182,0.037720089504139825,0.031492173082887293,0.027724110419384156,0.019188532726505638,0.021001802352816189,0.012944012422849477,0.02237966835576654,0.012654990521085426,0.018318929906270799,0.014439197064834278,0.029675221225765217,0.0079565243725332954,0.0049821654886196692,0.01166480616769023,0.0073916863791285451,0,0.0044328792264841403,0.015889273531696436,0.038933151400089634,0.011453474657186238,0,0.010979570842809434,0.0079006918855206582,0,0.0068684908654113282,0,0,0.013791058352423897,0,0.011093394305354696,0,0,0
57,0,0,0,0,3.2261012573724934,0.084069023060433012,0.15396802149844682,0.3174215417998027,0.59768373951459752,1.0824771786902245,2.4668548373829102,3.0270580314498687,2.1474476834673326,1.7488841334820149,1.2823750669579133,1.0653713943700622,0.68637334499988778,0.55349229962687474,0.39977217086845901,0.31251080422990823,0.22023177589634643,0.18208405067320138,0.16631766494434716,0.10417559316683173,0.082773550942372348,0.076379524607190372,0.063676582866011341,0.054929041321728801,0.040357449573465383,0.033870965658550585,0.037342848965460008,0.020735334896355626,0.029765494975409906,0.032047972116370949,0.016896919411486265,0.01606690809487046,0.010048631435722278,0.010249586288938921,0.01158097707015571,0.003508045632488222,0.0034566763721717401,0.0025207752351524143,0.0078715159962218402,0.0060892134465947026,0.0026128206211156681,0.0064769722694927399,0.017263417175145946,0.0057339843407021689,0.023194476749138097,0,0,0.0055351444401122839,0,0,0.0041570659975004873,0,0.0062985251938117047,0,0,0.0078783998969558806
58,0,0,0,0,0,0.14078483906185893,0.094505289810629986,0.55144027672251417,0.33854338989958094,0.72234503830943309,1.400850033229418,2.2541350133438378,4.271040855009395,4.9398130242448577,3.6243612851007767,2.9625056776627772,2.2826424313596991,1.8307051232870877,1.401044727234076,1.229660622931203,0.8779813447491116,0.72710896539684711,0.48885798669879388,0.43896408252370211,0.26984553745456602,0.24442241023451225,0.18639450812372596,0.16574653158195049,0.13543662589457472,0.12306506800656429,0.090169230588027741,0.077355853646486991,0.063566449227590083,0.063714552945961622,0.029098430992539445,0.042459626680276766,0.04226299868949826,0.021869681113784283,0.022374854085431502,0.02801374537220103,0.025856024499307646,0.016974841067067089,0.012046902019200313,0.024427280204696877,0.0085576872036265007,0.037247614623962269,0,0.03581020444454578,0,0,0,0,0.033517224272600558,0.01442555453776889,0,0,0.012633474022135216,0,0,0
59,0,0,0,0,0,0.16248505136973029,0.033855498804963385,0.073687160493239576,0.14207441594597162,0.22260880799013744,0.34804915274723691,0.83707606842556515,1.321733869555141,2.3235211042568951,3.6648147579636294,4.0350207512469796,2.9750495709716063,2.7505632990741717,2.1959337064037801,1.9789027388890108,1.498204897745929,1.2358740948805678,0.86681053796160579,0.72313591404855282,0.48469286605194228,0.43621251072594514,0.30953782081372011,0.3052629318594684,0.20905989696485777,0.16803070206534504,0.1570873860462719,0.12304982948693546,0.10970947428512823,0.12859417295212711,0.090402908490584147,0.071280224674142828,0.041605282769557855,0.042540951906455654,0.053574583395665613,0.046398099276886956,0.046287436941539362,0.034710440069281062,0.024821705824817703,0.013188375963478995,0.029129759543351362,0.0080589860200091495,0.014187250291583225,0,0,0,0,0,0,0.015576816995711651,0.0015282059507310808,0,0.027180292882010529,0.013560366419806439,0.020234294557534262,0
60,0,0,0,0,0,0,0,0.07903660611186801,0.068574537899074389,0.12173704002762885,0.19436414107857358,0.27071782762511865,0.39297278905120581,0.70261529227539443,1.076714979733389,1.9349407396610374,2.6578488900003192,2.8219006389812651,2.2783970273089413,2.0615715371331556,1.8192571947185114,1.9132577059973177,1.2369356468411297,0.98843870537428469,0.78259154385258745,0.66301871586822958,0.45776208583286404,0.40638120339022177,0.2740850512173062,0.2187486128846369,0.2068746384557614,0.2088904826082085,0.13496313142260744,0.1333052189613127,0.088459539033456672,0.092070145244321014,0.067053448922835879,0.065849531478194737,0.086792821174277737,0.045909864227378645,0.025156604267135813,0.042716734160867,0.028404464898931205,0.022157690868506236,0.030850597143137714,0.021127177812532032,0.07244946485196288,0.01213449687738356,0.078743358324926516,0.019124550777795606,0.011437740557782189,0.011713703584370879,0.014740322678706647,0.0087436368391506578,0.0087973564921821571,0.024552398285762812,0,0,0.014664397429057343,0
61,0,0,0,0,0,0,0,0.020407416673054176,0.017748585730653889,0.037107772786280156,0.053367046344891367,0.094760718471097641,0.18505403502687554,0.27724921717699841,0.36055141322705875,0.63290001463886769,0.91359190653759015,1.599651072497094,1.8907988594301011,1.9986696898625855,1.6043074314063517,1.5477142604811251,1.2860185759519493,1.3237384821016887,0.84562477233152911,0.83274592514459123,0.71677538843223465,0.5682275277331218,0.34021924782205876,0.35460374135417122,0.24278104111439325,0.21467712485445628,0.17614027677725735,0.14504017015119447,0.10368880139688219,0.088173963902909006,0.064995908719965467,0.060647024757787896,0.063953481907893725,0.04864234318174572,0.056548541834238457,0.01086907671220296,0.024035985230536048,0.027456324482351788,0.023394459701101392,0.017601291250064523,0.025614829860973274,0.040757811687901963,0.045512916512577675,0.030118060889198956,0.029997948018702553,0.013272443135387153,0,0.022140138334652379,0.014148227898148312,0.0093760764949374926,0.026768859152880069,0.021308674278033672,0.043712854035292119,0
62,0,0,0,0,0,0,0.031228405078327623,0,0.021221893481659201,0.020756626498841028,0.032917298822175395,0.065667207981228312,0.095500044865998751,0.16217168904563456,0.15384964450514119,0.25079322697223994,0.34252911848937684,0.52448082517586425,0.67897571601613071,1.1083541550192526,1.3435467069669327,1.2558452606025827,1.0412161508810935,1.063834545434686,0.87171206225234099,0.86039309959820898,0.81642500078349689,0.72436909933683058,0.45424063658635844,0.39815265815850892,0.33978655398219115,0.24190157453275737,0.22018824663008302,0.17222483601724772,0.13467896756364114,0.15421408251329441,0.071347416311266537,0.091057738175848932,0.069036833428576097,0.064027705200898774,0.033345209953183345,0.018209993454884037,0.037553560198876589,0.030668247804190224,0.032855419587541686,0.030615091393255234,0.011769102211169644,0.03494375323926973,0.028860303323330363,0.011439524796209117,0,0.012196430013404203,0,0.012921824002497155,0.026002427678651387,0.023613649707347306,0.011316551292828122,0,0.021221781621028429,0.014155109933815779
63,0,0,0,0,0,0,0,0.022456304563825771,0.018777283890501796,9.2154296063723789e-07,0.021612203729931105,0.032042461548572133,0.034052399358436923,0.072714416995494566,0.05944680562343873,0.087515958239957517,0.1357524258322898,0.20291939233905038,0.2760148638634442,0.37571439091541842,0.58503471347157332,0.87373674503958576,0.93544492336675755,0.93428252226680908,0.64161146317621887,0.72180963895216022,0.59387639088573552,0.70900675898529264,0.50188250905576337,0.48202911895116579,0.39959019722113803,0.35886815038669573,0.24753712924396948,0.20354852864111708,0.16277560353790133,0.12975101613187665,0.098016782616765483,0.11440032233843882,0.11052528915733817,0.071542179156953212,0.044847694095458773,0.036358890079339956,0.01492689927091896,0.031417026791551804,0.020821380107720736,0.036790550915009122,0.013230178321254922,0.013306453791078808,0.037515635542776447,0.074415776805575512,0.012633893923588931,0.033140494758054251,0.0087088085793435299,0.01931608428677864,0,0.0078976305834414316,0.027969444469501226,0.017948663042761621,0.0080403468201246889,0.012974991006616443
64,0,0,0,0,0,0,0,0.0043121794829197313,0,0,0.019724345593889182,0.012037954263086284,0.022836702849625735,0.036399081062119094,0.053014147341025324,0.044804563799853689,0.054322530314816708,0.074841117259360074,0.099670614770041743,0.17349304418657893,0.25524775539970074,0.35976624331407936,0.41488935058745502,0.62530419316351926,0.63257141054859389,0.55727133024128417,0.4878129871456347,0.46266733206728911,0.35199488579318905,0.38331218494764835,0.35566425140798824,0.34523335669332872,0.29015718254928563,0.22678070564840255,0.21888888849365942,0.15816976906524921,0.14571134571022554,0.089834084356751609,0.067720468269582806,0.067334580510966885,0.036220195188914873,0.028879878557934214,0.037369530526927014,0.043003838039376671,0.035472934212407631,0.064124082993099588,0.030527542050788427,0.055858865288725516,0.0216418227591051,0.04353031866954428,0,0.029689323366206551,0,0.0091100870344204572,0.015578301836273407,0,0.017031900125551294,0.011449924845276158,0,0.027248443988211978
65,0,0,0,0,0.60615112093540013,0,0,0,0.0093406145659901147,0.0023180637924305999,0.0097041040102566079,0.0013338934545911361,0.0059762931716089316,0.016509350912574203,0.011321549594792734,0.011127694290791424,0.016837724202206004,0.021560876766944213,0.032023588985024727,0.039391756056892581,0.049665433760231921,0.063422650239248521,0.088682042201884789,0.15823546497430604,0.15439914221157952,0.19188705250530524,0.22726479852536474,0.21283042171323122,0.15382945325395531,0.15303443388579563,0.13908426305083824,0.15881739609699019,0.12191748324787612,0.13555541345024055,0.11487196318718186,0.11135848287772543,0.073520116269640307,0.085066274452701013,0.058027707247468044,0.0501268616820452,0.029929038014772483,0.031283639815563064,0.02195320330837194,0.014042997222264288,0.028051190938392406,0.0091074319081724062,0.011295892451437736,0.026364000604058503,0.028618811899989823,0.010389320679472363,0.016494958810404903,0.010054363147408815,0.004314337320005501,0.0081555285874525645,0.0082056349875771033,0.0039124803416366516,0,0.0072503490162481258,0,0.0045286546807541033
66,0,0,0,0,0,0,0,0,0.0049059860702294683,0,0,0.0062576940863462629,0.01023345606881711,0.009136726870247908,0.0078599955435227457,0.010204900549499305,0.016696835916202878,0.037101998966503479,0.020999434512486342,0.031252829389128642,0.033037093105347456,0.059153819558191496,0.074675393426462025,0.086487405725078056,0.10545202275862756,0.17311679827544213,0.18538179167171562,0.25759883527866057,0.24940885554384062,0.22469308564506013,0.17696054205044459,0.20309273008481576,0.16902558309705354,0.17483187951217055,0.12915949241499097,0.14274660371278511,0.15036137563434149,0.10972653962783717,0.10089204061276855,0.098026360212996683,0.057968958288806383,0.054276935003328246,0.072888738185040575,0.049040391419734257,0.077081922201207728,0.0047211181560601915,0.07365254315060947,0.023932434694957823,0.035352159350082998,0.056539185117380875,0.020572677258992911,0.0070230142084255825,0.023824254752912409,0.014367511325381487,0,0.019227232767519181,0.022685934174714168,0.038931216274766207,0.034561217640376701,0.039294168721662741
67,0,0,0,0,0,0,0,0,0,0,0,0,0.0057596737336740355,0.0031240255634680091,0.0063030480137760154,0.0067020293488595671,0.011515907580258597,0.010332755289406298,0.017262968509336382,0.022029215337158205,0.033515091162644672,0.022108977857362842,0.039627321449303497,0.046045490534872231,0.066542088135690097,0.059531369697780195,0.080022187894084412,0.11547551406182384,0.12069557894646182,0.17884289726742111,0.11819295469348859,0.16285105819112047,0.11492080394995899,0.15500841481248562,0.10408694368864008,0.10670983846107292,0.094640503340874454,0.094919480983567034,0.098897278562394386,0.11020796199386376,0.06614634850670735,0.054713631752415441,0.058102639698252898,0.071361721116580748,0.039613608751586357,0.024546123352828388,0.030693949369441191,0.038624300868363777,0.040881034541274064,0.020769421730371662,0.012421481688498884,0.012721179838160204,0.0086248460366925399,0.013012339856703452,0.013092285809982306,0.0078214886934615552,0,0.0071946511633028598,0.01772836156462965,0.017481285555512652
68,0,0,0,0,0,0,0,0,0,0,0,0,1.5993880136330814e-06,0.0024068488714289421,0.0041375869507109097,0.0033249330800722877,0.0046071136741475073,0.0061192825972656937,0.0058890326390686485,0.011270719373072292,0.014321639847598683,0.012643640916246439,0.01662935955629925,0.014629530106758737,0.024399609667482391,0.02582499989373091,0.039114951434911116,0.065365777116253437,0.059892839160108312,0.081284201064305117,0.073880075037646958,0.11870880626133765,0.078934193725282292,0.090587772179820614,0.073013617453062896,0.080582250893042343,0.053842685400918827,0.075925810008793948,0.074742732091669886,0.065631416828106151,0.031363090181904661,0.066642579466820409,0.058657954797692979,0.046242320894149855,0.069869078102141241,0.047078075010096587,0.046355339267813496,0.030580539239396843,0.046999465792630951,0.0382847171700103,0.021788674681276085,0.019246411910613308,0.023707872571886369,0.018523784642436727,0.0044801328858600871,0.012503529564197115,0.023210684284394642,0.018492916122181464,0.02545895585002645,0.0084906707008094891
69,0,0,0,0,0,0,0,0.0046319991224890054,0,0,0,0.0014279587760205117,0.0045137147063530562,0.0028498772624239578,0.00054507046451090482,0.0042782151979106247,0.0031010548716315384,0.0059332839787015878,0.0022409952917265366,0.0053112489593587333,0.0071641876800953835,0.0069660098663853476,0.010835639887211045,0.0048434035782175195,0.010438649906114572,0.010078683255968005,0.011150750592990231,0.026611968486975269,0.015878940661945614,0.025821615408304213,0.041472219466816236,0.053265043036416819,0.063665895827366439,0.05685786793650565,0.046101321021066746,0.061714216862926705,0.047445657465880503,0.056701555882284017,0.05044129091419438,0.043319584480495624,0.027128622843481814,0.018967604205857889,0.028165226511804857,0.042117432410594104,0.019470614624668526,0.016773650698502493,0.046596202596028063,0.037024956839826609,0.029009201334202577,0.033095420782366991,0.036052689849509621,0.016637659823995381,0.0049264733874723439,0.003849224842909311,0.021608372999111759,0.01080874047872081,0.0083287250207809329,0.014112001752130976,0.0064557304847654299,0.014679607965756267
70,0,0,0,0,0,0,0,0,0,0,0,0,0,0.0010560905335124954,0,0,0.0027180467031631354,0.0072223518864181361,0.0020003292749031787,0.0044139056314264321,0.002137065510561577,0.0047957528004575227,0.0066676823887487123,0.018284862102166986,0.013768912770813189,0.016518409125830004,0.0054355560104371609,0.017422027343823764,0.013461733192223414,0.015073555898927346,0.021819280942326467,0.01645395837643104,0.020117960359435558,0.041716010286013377,0.039507035303221444,0.051911009160990972,0.04240839830258359,0.030898954195673411,0.034268293368795222,0.026004154836034889,0.033467631545604247,0.030207899246468758,0.044625064052598334,0.015544207433506404,0.025645461246176709,0.045639010899471887,0,0.065070664120691804,0.006366643318059249,0.0079746574413341615,0.011538833661650635,0.0048844427531935537,0.0093326668246528754,0.012466886398952975,0.034549209699292836,0.023610356508008572,0.0096749046409071674,0.0055249374953310199,0.024037013742981946,0.032530659397134259
71,0,0,0,0,0,0,0,0,0,0,0,0,0,0,0,0,0,0.0035294784241665334,0.0010865426005026704,0.0005943762264469226,0.0031052149699483051,0.004364204159682401,0.0026675744128745876,0.0029677278280838505,0.0051959877916901856,0.0061017581636207659,0.0060682956268940935,0.005336285607187928,0.0078122360224281446,0.0089596171136024395,0.015515515221761681,0.011285200214889381,0.026157033159808756,0.012680909987607706,0.020166157428513267,0.030561975527271731,0.027917884987215608,0.023952013890643668,0.016928280616422965,0.033395627452570166,0.01761978652480253,0.012272065563896695,0.020667115452234989,0.028615128200367261,0.023071264122097229,0.045838815325624213,0.066232083771155012,0.019315476668367842,0.02845952499027481,0.04156074433781113,0.014762107966388761,0.01933667603115688,0.020074384085205489,0.0078424069156011814,0.0056771495078213954,0.01188895958322494,0,0.011884032657744988,0.0066672870018477121,0.011935114346649147
72,0,0,0,0,0,0,0,0,0,0,0,0,0,0,0,0,0,0.0006166256946610909,0.001529785234387848,0.0020804895297488945,0.0024543323486313482,0.0025924266570891211,0.0032949653260695316,0.0036406059821863044,0.0059856609799125429,0.0033205324350092593,0.0008468221099466231,0.0053160493309407347,0.0022812103184922743,0.0042130311484276624,0.0011594682099612525,0.00626919781008713,0.0089869435347085906,0.020314376704884941,0.016917643916475187,0.0098006281962260081,0.016914577479084564,0.022276013599015602,0.011830282632307241,0.039612806198143842,0.012281058250904498,0.020171553031693188,0.010707848821139964,0.022724503817608967,0.018020728238158867,0.033357336877295078,0.015066707802188262,0.038914253981600928,0.022361181870153558,0.015914121931559111,0.013509052582739049,0.016760373718189833,0,0.010327061470553553,0.0060957784843305015,0.024279452875553512,0.0065071065154067315,0.015649167034479328,0.0071589280146184021,0.019963910130262337
73,0,0,0,0,0,0,0,0,0,0,0,0,0,0,0,0.00041544682311897828,0,0.0021881340162168655,0.00067075089470224872,0.0010871926161921061,0,0.0025588992692879013,0.00043905524154802631,0.0011025030420629607,0.00037293998244701494,0.0010871412275882241,0.00070688897684543139,0.0020142947925235258,0.0024786510820717731,0.00147925633085906,0.00078931067581156219,0.0037495805432777051,0.0062186202205726394,0.01058618601082382,0.0020906061112142878,0.0036228776525695423,0.0011519687818773651,0.0070207924848951367,0.0042497899516645348,0.028318429551032444,0.0036022635940457228,0.010245291583945656,0.010276726170184316,0.017011167430045569,0.015106730825672014,0.0078496638123363542,0.010255311165653105,0.0028408140784589569,0.011295492907728728,0.017186965152276572,0.013231413539370438,0.0086658205463476801,0.020747125302661526,0.013305047053010936,0.0029232532471188508,0.0081584596551467492,0.018425415896131472,0,0.016116028737069139,0.0094433308997965461
74,0,0,0,0,0,0,0,0,0,0,0,0,0,0,0,0.0010785845890872879,0,0,0.001945413657065045,0.0017496956448646611,0.00092966927999956048,0.0010787929632253474,0.0018554917233433047,0.0040802544294529204,0.00082288847821935401,0.0017171540652488227,0.0039641658918562889,0.0024988743155755803,0.0016517044972294509,0.0067901669311714961,0.0044236788960858387,0.0035337275236267114,0.0034053729945632966,0.0027570980254431896,0.0062232853166956309,0.0032857253304328904,0.0075311328509445521,0.0071857484241338292,0.0050433065518600013,0.0050091292472506099,0.012391454923905041,0.0044940617155158642,0.0065263545880210258,0.015351558975267967,0.0040542102247702111,0.015902663052841652,0.0071609652541974921,0.0062684470231927584,0.017560186462466789,0.021995337990257179,0.016193418755529577,0.008526468636485424,0,0.0045167941341190902,0.016999738675106697,0.0091254225858721436,0,0.0068445477996556779,0,0
75,0,0,0,0,0,0,0,0,0,0,0,0,0,0,0,0,0,0,0.00066921488854677132,0,0,0,0.00059325600264696296,0.0014067676342231045,1.9628981599803564e-07,0,0,0.0022230802509600866,0.00074678493119151681,0.00089601428954557349,0,0.0013089869695531516,0.00094158331402867943,0,0.0053392015097917479,0.0032252403397428904,0.0028113449530101239,0.0011885382557498124,0.0010312119713058953,0.0048787280065589658,0.0035135007943395886,0.029604739083333196,0.0047586734246779809,0.0061893142365745876,0.0020332809120237735,0.011115397188351184,0,0.012068074853361043,0.0056145149533144362,0.01694203771680608,0.004205936951574763,0.0052825703725716015,0.0058407780258543721,0.029132723212793362,0.0032350031511660456,0.010593482850798232,0,0.0069154795994013276,0.0091916695886601514,0
76,0,0,0,0,0,0,0,0,0,0,0,0,0.00062282734999949852,0,0,0,0,0,0.00028482096010014666,0,0,0.00046389746602759673,0.00043951150645056005,0,0.00053220869487714481,0,0,0,0.00047562342227536295,0.0011008356457185401,0,0,0,0.00046012178191098845,0,0.0018165053565897631,0.0014870153399721181,0.00061494377750997736,0.0026627393647809462,0.0011865156355958366,0.0032044998432430977,0.0022881705076127261,0.0039352377876715897,0.0022769908107719851,0.0015063486128981222,0,0.0084078582513424406,0.0099173046418028921,0.0041594925531480524,0.0063895520488967657,0.00442266534958653,0.0022482864488854548,0.01884147853158738,0.0091438617853627363,0.0034017001460538709,0.0048124410737588677,0.016628949776641696,0.012342476169648762,0,0.005570349724853753
77,0,0,0,0,0,0,0,0,0,0,0,0,0.0019427860187870485,0,0,0,0,0,0.0023416532049742589,0,0.0033456987029129811,0.010759997884140851,0,0.01030609732863982,0,0.0023681839469353334,0.001204359696364178,0.0027444168174449585,0,0.0060378946681295528,0.0020250575763678855,0.0016488968955078161,0.0027107581273024348,0.0038170199552364347,0.0048924595267256458,0.0042781772660041139,0.0044208204955560691,0.005101402832060193,6.3960045900190134e-05,0.0062947303751087775,0.0027859249187003523,0.0039788788393827689,0.0066134006294616228,0.0060186685732700786,0.022946530090348503,0.012367146652344448,0.011036084210539155,0.021757325134883709,0.016894699504386115,0.067695885534410444,0,0.012961491391783589,0.044749947579360114,0.009880227583662464,0.059791378246021841,0.047578204639789977,0.032367495153495698,0.054360579191857356,0.027901207412898234,0.020898892926835114
78,0,0,0,0,0,0,0,0,3.1329150724383594e-07,0.046162282423770032,0.016653095180762904,0,0.0092802843371972456,0.015300632672823005,0.0026182519680309317,0.0022436380736106138,0.0017295039448134803,0.0037918004538970303,0,0,0.00085533390563675234,0.0035199754553315067,0.00084152969863598157,1.1231818354535262e-07,0.00042971198649559967,0.0011167578974616331,0,0.00088021353999636807,0.00033515132931558983,0.0017919513228858374,0,0.0012988367209038018,0.00036570181989886919,0,0,0.0012319693253226894,0,0.00067401596966298102,0,0,0,0,0,0,0.00098964771227767062,0,0,0,0,0,0,0,0,0,0,0,0,0,0,0
79,0,0,0,0,0,0.21736459962996754,0.12168200693417854,0.058390047222967825,0.039048955702263209,0.020028174807994546,0.017506840355560684,0.018094533044882666,0.0090854897953788205,0.0064647526200937765,0.0080425606997980379,0.0064231959495385255,0.0079720204288590071,0.0029787436500100274,0.0038011600837090809,0.0019572062883761506,0.001765228767653531,0.0017905889579961367,0.0013048722338595286,0.00090858263662286045,0.00098173610438365535,0.0009660091534514424,0.00085547083786604195,0.00074597704571636601,0.00043573971328531084,0.00044322658317952167,0.00056701327614562167,0.0004444995583367546,0.00023290848711281738,0.0002657729311213416,0.00023730925878867251,0.0001751684590822151,0.00037195716120944669,0.00047856928037080722,0.00012952842500838955,0,0.00018933048697490187,8.2884933769389096e-05,2.8729600293585038e-05,6.7996077538114564e-05,0.00042375357147473263,0.00017114324097705099,0,0,0,0,0,0,0,0,0,0,0,0.00016475698805672583,0.00027257630486213533,0.00015033936697053703
80,0,0,0,0,2.083614864833236,1.593990483896522,1.064783893697175,0.69034191159062919,0.38318198582595431,0.32503922764473248,0.21662210423539127,0.17782312835438477,0.12584036989603298,0.1038489598469711,0.081130573640072909,0.065042630108267219,0.057100687194341991,0.045470631935138894,0.037574327255669282,0.034698303301396533,0.028737249345597977,0.025965254765763328,0.017318705987600526,0.019326594476490575,0.01297579382820351,0.011833540505143385,0.009318639713499265,0.010835930413069498,0.0075139005872392594,0.0060566044692663065,0.0046408379734271419,0.0034893192852854761,0.0043272967849717269,0.0031403801643958753,0.002856942027763763,0.0018248859965660593,0.0018820350175853284,0.0016776776900381039,0.0012667984898237263,0.0019219958559552914,0.0005946669427240479,0.0011598320271116597,0.000968235184476337,0.00058737793677324983,0.0018708338086171658,0.00038479224213865533,0.00065552446328630525,0.00087524541143648945,0.00020240759811284163,0.00057458968818160439,0.00021831597972118036,0.00049543365622002264,0.0011413032079124281,0.00074629409787634016,0.00045504358297773502,0.00035495395188994195,0.00022104499493667913,0,9.2387289266189406e-05,0
81,0,0,0,0,0.13687185090068466,1.2110097207653898,2.922937958023283,4.8845808876056562,4.7212593705865675,3.6504440225747414,3.0868003843693721,2.3812081412978889,1.9824349422077689,1.5953211450214568,1.2307166869749455,1.0926465674648114,0.8127899337343597,0.73022590560104628,0.5725183885381574,0.52660065682518442,0.41642711778654412,0.39266400487023823,0.31483164347848597,0.28289057308791388,0.19853822701614526,0.17280965331449297,0.16599781911438619,0.14295544779053121,0.10103422982624671,0.089130370212156321,0.070364543741519764,0.065997580569782346,0.063555663218478969,0.051020973468519089,0.04753405144339113,0.03676338564403233,0.029584435654527133,0.043048449077252686,0.021192143683709655,0.020660003144892171,0.014122219759235196,0.011064183769348288,0.0089361838572100324,0.010251383812520285,0.015266442057693166,0.017147682606393374,0.010366790723984155,0.0074514085887002982,0.0089277292822851819,0.012827227878905665,0.0047859853046172077,0.0057941743204874786,0.0038776674816424586,0.0053348756580700761,0.0033982719050864832,0.0053139317110752742,0.0016504205248289779,0.0053378470676508161,0.0047090224178967825,0.003140701313586053
82,0,0,0,0,0,0,2.7792792708802359,2.5883525002759624,4.5910080860685749,6.2920303649134688,6.6326544099679916,6.1263887733763793,5.27106736008363,5.0360085226610272,3.7646694775520237,3.2899729811135465,2.5731579968756764,2.4931355460398472,1.9003285799221896,1.7848898217829519,1.4117732475989766,1.3478297598539886,0.96914435459760662,0.98778557985160365,0.69517815713540454,0.63922363107610813,0.54260184405326706,0.49885900515775666,0.37536061117294139,0.35380858273728016,0.27770588470031043,0.30078133255893069,0.19718915009872887,0.22087871232691136,0.1313445278959483,0.14178546114182775,0.11141413397449372,0.11123457320314813,0.07312559820951936,0.083359493291468162,0.051385992273368521,0.042846189323028666,0.03970169591505595,0.046329171077913005,0.033113770528429676,0.037111539536411074,0.042641129045347989,0.041455488776185878,0.047632894218220194,0.026290237175601913,0.010515001163194709,0.021137779270375506,0.020872636507368515,0.032083841034146562,0.015680939167658291,0.014919633131457053,0.010355471514945851,0.022629834061549486,0.01358744782363629,0.013022738395422081
83,0,0,0,0,0,0,0.00023813309585400325,1.2143778259360041,1.3178742864780226,3.247436276007746,5.5649128694842238,8.0598167388253525,8.5234938889819762,8.0638287106104141,6.6249932725965515,6.4205621823160826,4.9405433417280094,4.7060941539261876,3.8370547736205052,3.5072488538915181,3.2402066084878896,2.7522358611886117,2.238439847357359,2.1752094530819464,1.5804995981176295,1.5444717667347871,1.2622471486707776,1.2184530722386748,0.83034536907798651,0.71467871860033294,0.61894151933798602,0.63427705608787843,0.48714559871228336,0.46013974406027297,0.34582573648440612,0.33551380421956839,0.28625542934739945,0.22758611793443326,0.19506602821514391,0.22141501823380852,0.11916189396052092,0.12213844171395001,0.12955290384191381,0.12727378490154367,0.094953095761524442,0.09549962798022317,0.079326662049359106,0.11566789269286243,0.077257878717801293,0.073228999025143557,0.039858546825824556,0.066737551624704072,0.04473234507280284,0.015901257350871448,0.044972711380484212,0.047734961322206629,0.032659940469617378,0.070089681006810317,0.041664894013310735,0.017267589574939245
84,0,0,0,0,0,0,0,0.84271499168450614,0.83313174550802316,0.95917892054234821,1.7108959086672784,3.0262476599079982,5.8472774460514438,7.4810683305471253,7.5775752035967985,7.5587967014683946,6.3244657124731392,5.7362833867243577,5.1169130359502093,4.9613509005113006,3.8562811020528711,3.8436036093890045,3.2750604859526744,3.0631564128258106,2.1939951666169217,2.1896901137387741,1.7888742483335105,1.8274650490897819,1.2703260774848353,1.2010698923793481,1.0159566959922577,0.97329793108824847,0.75791245568651711,0.77561520613205381,0.5780824185200486,0.52341063557412992,0.40632437220373513,0.39697005801996116,0.27970789974172744,0.26594048326848418,0.15634588127738941,0.17443671344582534,0.20812965668847055,0.17157027969710825,0.18770152467418522,0.1946368188162973,0.10216405490091168,0.18583902812791084,0.14730810168679845,0.12689386944227682,0.11907231417211817,0.061897539930759402,0.064170476188341999,0.071756100240157786,0.064944495880852188,0.051113237973816485,0.10784427874633905,0.10800572949434299,0.044386109255305881,0.048718336152882305
85,0,0,0,0,0,0,0.20328758408414024,0,0.34862859371586502,0.8780226066915845,0.89744653529348506,1.3172328125717407,2.0760515241587725,3.2835371489894416,5.1003073227791385,6.2990147697628318,5.8636552785686433,6.4920665320943876,5.6632845740824331,5.6319471567996482,5.0446249633149103,4.6960612687583847,3.7553592980170483,3.6356043643481128,2.7828397368045716,2.7486042845418628,2.3626378513406494,2.2485892211945875,1.7417931056193277,1.6053799963473934,1.3906232784415808,1.1764289839270767,0.92515758243778623,1.0062616998720606,0.74086601172025224,0.66511438419946545,0.53718408237414439,0.54596511186972552,0.4651240419329794,0.35958768590689782,0.29242651165568395,0.24180911733860502,0.20874086891673216,0.21080293294994087,0.27508941198369002,0.2059309288936754,0.19374153620146758,0.18845512053443544,0.22292833375700608,0.16861642737478424,0.069837706283486858,0.065216065226914421,0.085570779727242335,0.057945589887017056,0.093464260374495498,0.09721711483527036,0.067867983769798995,0.066156858193845328,0.061951820189176381,0.063689270762256792
86,0,0,0,0,0,0,0.00057503726382327099,0.13373240758422997,0.10547064861036955,0.24904827244408007,0.42729976502764805,0.60059756104204454,0.66897280909925649,1.3590130059851953,1.6898950965999857,2.7035428156935182,4.2600826715273943,4.9628204323521654,4.8664518234865008,4.9270188476278811,4.7371933805621582,4.821397198065366,4.0673961326499954,3.9663489395585176,3.0385559207143422,3.0411739338008772,2.6600873568886008,2.6070670639652214,1.9179423643828128,1.9277429747527326,1.5727805703005335,1.4987919640350904,1.1467599570864626,1.0558773225198232,0.91842859765517693,0.90073919216313569,0.63684186683413579,0.6222715999149665,0.57018238856142578,0.56375177454863545,0.33540877116886614,0.38708710646516731,0.29280258022508665,0.24313991474058533,0.29809956163743861,0.32084831398369401,0.28735128821610423,0.2349199858379511,0.20531313342334576,0.27824317887708588,0.10515896178422351,0.084939740666013716,0.15014017322259562,0.12732939155956946,0.082254761121502776,0.14519050830629593,0.098023540646146462,0.11194235844961603,0.067660217576644324,0.12118015018697471
87,0,0,0,0,0,0,0,0.43050719267757692,0.44375108814348752,0.4855409655589511,0.1829360553184729,0.47152892908326116,0.40085020246773612,0.73679190631334268,0.66551524090789882,1.1866095131042098,1.6105250736680816,2.2481659745153979,2.9065839655310262,3.4897667432745387,3.8682962403604875,3.7962242809700042,3.482112018063658,3.6433286672516787,2.954973242203164,2.8549045426280899,2.5018954165820748,2.5348212989021768,1.6719412891227794,1.7621190148685,1.5153537981853114,1.5343964095911677,1.2520231940304645,1.206919842279419,0.88658856002109998,0.94211995227879586,0.65845798689929225,0.62283567766106085,0.60049466230525173,0.55269433232924459,0.38043334642927074,0.34479187924025584,0.33695303358023188,0.29483952546882181,0.30416150692174493,0.32036391089710853,0.25406419045520773,0.42227682764508112,0.27165438506873385,0.23883069674070687,0.16169552747714686,0.18308723184415654,0.062192212102540889,0.10376831303774517,0.12902427582595413,0.059007989351514946,0.090191952714687093,0.081209737731632037,0.11470857615103698,0.12907060048644881
88,0,0,0,0,0,3.0404169818080171,0,0.13028456994403123,0.18125172828371774,0.071417398774784452,0.165930255419419,0.14789137618935547,0.20808443169940191,0.19096486415121797,0.22735498480196178,0.41605374044266302,0.51434907127915486,0.66982218204362753,0.90584003938635171,1.3367088530037725,1.57127572413634,2.3062833690549764,1.8833933719529694,1.8601548909852337,1.6966751201451973,1.6431966435336909,1.6151360707044193,1.5457164951068083,1.1797072150869952,1.1832323861218159,1.006302667897166,1.04857646327961,0.91334076535649578,0.83368202193706897,0.67807605397962423,0.58157275202313319,0.50019611706986244,0.45493831884494551,0.45030003836686361,0.4929048596472777,0.24692282869096827,0.22739227964528919,0.28211620348079558,0.23111515906681313,0.21328304746070348,0.22680316637870856,0.2860835867558969,0.2095575312573742,0.29902606353089667,0.19615188486037355,0.12680075973869953,0.10775880109187534,0.10369271099790818,0.12123201690940806,0.089994545258168648,0.11500556991828807,0.13079826509049558,0.086068333635359887,0.087043681595349726,0.084241035057323499
89,0,0,0,0,0,0,0,0,0,2.91626090840864e-06,0.2378832194212854,0.17754923292543695,0.1025292934649514,0.20365704512279509,0.26286656095621813,0.33128559075050151,0.28391833526519994,0.61878065445723307,0.52101354301608704,0.90174972308579271,0.99648442323699615,1.5360236958372375,1.6179709864897782,1.8303634044841652,1.7249657338003124,1.8331493122936691,1.5097732764121108,1.8327623374323734,1.3808684510493419,1.6083212458468101,1.2382667115794266,1.2902123245933357,1.1162472624256987,1.148760110846087,0.79385132445348872,0.89638204987705017,0.7556182479168313,0.66951461671864776,0.58938370784862681,0.61409616821541169,0.41444191142145298,0.4485707068635198,0.3245109000936045,0.39606152871767664,0.377849129456443,0.42908781834514453,0.289290896659611,0.38415006306995703,0.41124385063809982,0.43367804465112603,0.12981151968060839,0.169146517362428,0.16815417752154291,0.13517745603543077,0.12605683888989461,0.18529609863865684,0.13620200964049747,0.11664187431320835,0.19979812780812245,0.11592367839904485
90,0,0,0,0,0,0,0.00066744693587245476,0,0,0.13927813828711977,0.13564540470035033,0.16617902914548335,0.1547274946160101,0.13904625653059355,0.15730592989546302,0.21709486439658257,0.2673922786038041,0.25047510310196114,0.27876112199571307,0.42749299359243781,0.63310337954581353,0.65343648534004239,0.78105711224348207,1.0031509989347593,1.0391513340737704,1.3385669537963532,1.2041835603337028,1.4065142181901582,1.0101756442931296,1.0902548909600194,1.0775751638442108,1.1115282734763414,0.9356120499842312,0.95274882094521129,0.67941288240494835,0.75133068771358558,0.574863010502773,0.62240062679419406,0.52358928849386233,0.62181570154671617,0.36735062768975696,0.33166155394249347,0.44286536342663008,0.3901200740145726,0.36897794740756268,0.35728910079816772,0.42538812829578571,0.44191306154092974,0.34417199794340531,0.28873442490999573,0.11586756967733873,0.091590956337643262,0.16105667340936747,0.1450912648417155,0.18212371293529786,0.11471833539250996,0.17053142635345409,0.17560501010788235,0.21561428042531042,0.074510428814768645
91,0,0,0,0,0,0,0,0,0,0.039871629963614888,0.038586278621604395,0.059744465300825306,0.078061729514638106,0.095753011703556032,0.13226897790441855,0.17087558440061076,0.1274765917786834,0.19207418097327947,0.16408998987276519,0.24784808436207342,0.20575878111952237,0.43637978690246143,0.32364813054041136,0.50782097676396132,0.58952129867263658,0.68540835030348768,0.84870419946270237,0.92182367702393964,0.72230625342409338,0.73242717286502013,0.67503275964654819,0.79127201250408796,0.67515698397114154,0.74835779395903756,0.68927547355840502,0.85991027790580732,0.48032906611501192,0.58373748551162097,0.61666380755369543,0.47087031010786812,0.28220069642447049,0.31511809947911312,0.36428051806541784,0.31973624519954935,0.34605766541592947,0.32605108317197179,0.26417511478528222,0.19662702986336986,0.39789297801879825,0.34354123404645459,0.18184747214789054,0.17653947985629945,0.15165685058501438,0.18473405972778864,0.20989387840135612,0.14912825509511377,0.14958529822192523,0.17168169004807679,0.18455270620854061,0.15227546656370888
92,0,0,0,0,0,0,0,0,0,0.045616443886588448,0,0.092780276746636983,0,0.078674746045678756,0.055161040387600523,0.078826647490924703,0.13510720261717152,0.20592101365971793,0.15664548898534736,0.17302671928334007,0.12972879248058586,0.17428271503973933,0.2219564563760148,0.29455764509510834,0.31369167810110948,0.38167702714874724,0.501467782558221,0.53783740764303523,0.51691879073795888,0.7131257084828766,0.5187690784418485,0.56652187083840533,0.50146433505736354,0.58752040822344309,0.49732668032342969,0.52297505013641066,0.49251706782283733,0.50994757808423996,0.4334256389720027,0.52801822436168666,0.24014805734929956,0.30330070990536817,0.3040098195932488,0.28410155012278393,0.24569509705695905,0.3482258062492618,0.36872452464849431,0.39466648906140139,0.28505489180384475,0.5024978663183951,0.14153502099061738,0.12875457709363144,0.16103149031396971,0.14028402096441381,0.16542149070366016,0.12963219427604464,0.17966791470695334,0.16666701446960416,0.091327003584660157,0.13197478993261147
93,0,0,0,0,0,0,0,0,0,0.063165593092545574,0,0.033008292087705976,0.019806264833339467,0.044802351173320078,0.045293161079026846,0.05917288604648839,0.081148394969499688,0.066046353464148014,0.097736256299718507,0.085659458204684999,0.070483962048252802,0.13869164944564943,0.098362035835168629,0.15972118693503998,0.13222174166973016,0.19827467878122013,0.30220514181007813,0.20490656706107524,0.29960553741753004,0.43895282668461016,0.38083191143758721,0.46676093766816196,0.41181411525526013,0.41832163741764844,0.40703572227099544,0.31009810859433173,0.29767676892591727,0.340126182740279,0.36598031679448578,0.35988435854863948,0.23330121843826618,0.25583747738947682,0.22185293076128074,0.29415634299548743,0.26481944131538071,0.26001952287319574,0.31994983316790521,0.27132507868932787,0.27861820644573132,0.22078857566056001,0.14214568834760727,0.15403725798791371,0.14684257122810893,0.1290539052722528,0.1950345192476956,0.13188696776251041,0.12278380513044497,0.142710395524174,0.15032406670601764,0.22510535362290798
94,0,0,0,0,0,0,0,0,0,0,0,0.037961578892339178,0.020768065492320156,0.032351320756609271,0.04273641543689162,0.11066999371911447,0.04091480931081927,0.037125043515878385,0.043725972860440804,0.070217225468534594,0.099487723222121863,0.13558540855409662,0.072748020023489207,0.1287551048657527,0.093294824982985414,0.13407544775758534,0.12322686820193847,0.1828036360332437,0.10870913416199807,0.1491198351551648,0.19201549900289877,0.18931065351699025,0.2363561987792277,0.24262918292084606,0.28901870389366785,0.27168281605108402,0.28494871692626339,0.2121207811591439,0.24424271585109047,0.24717052619173593,0.2058971023319433,0.21103690535103664,0.23020082359780389,0.23054560930822396,0.24371121953375721,0.17698457001755624,0.23055017527004687,0.20319009722630982,0.3402410102703522,0.28276399729590479,0.18841688340507395,0.17375464412813107,0.10025349854457546,0.12802989542632029,0.11205325556776183,0.18080380146404942,0.15631577234330549,0.12236016053507413,0.099538837809309624,0.16248325732388394
95,0,0,0,0,0,0,0,0,0.7409990627314208,0,0,0,0.018091163045436891,0,0.019724967231358369,0.020770126306102005,0.01464351721443893,0.048963634077223046,0.040371623505273499,0.040058693930825673,0.036814904379933865,0.032179392017127835,0.052447002337730454,0.040162200784930005,0.063132797593235077,0.0778490926222066,0.071634796789481203,0.086388995694143642,0.090186321776451001,0.10420862573675042,0.11420181218805939,0.16894448405010393,0.12707771554071134,0.13360003606112206,0.16239966326069613,0.22576295539848615,0.1487595162486324,0.20363173100986487,0.13905415804008944,0.19120672759642157,0.14758681351884678,0.088619696466747791,0.12349389317534701,0.14667036660443417,0.15803520007441638,0.17415586529365285,0.23835455416442144,0.17291061726289772,0.17320972092491618,0.24147218585202981,0.078963091064973193,0.073490285701075853,0.09339469439969586,0.1382989945364492,0.091026845432610068,0.11579407032869039,0.12596650746783164,0.10691462514481209,0.07912196835469916,0.11714939313952573
96,0,0,0,0,0,0,0,0,0,0,0,0,0,0.013094885615202851,0.04039625687042233,0.073129672527110154,0.01316005841285957,0.035045436666213549,0.044462103507286507,0.041110646993271667,0.026351265935872784,0.074639731504565279,0.044834274066177821,0.04414445030024524,0.042505375664153744,0.060097449754044796,0.081333532318295806,0.047442268820308726,0.057841834950147678,0.046772361912708775,0.058959571889799084,0.062661622241205098,0.08704143918520274,0.11796699116557928,0.098966627822767814,0.11425164842768917,0.15918360778085641,0.18133825066144821,0.18737219883702896,0.12503939416975393,0.07028699606434427,0.10352499548777661,0.056304985612528252,0.17685220764212065,0.13110169654278886,0.10921698801155694,0.19893310956705051,0.21776847763551493,0.1070108096240058,0.20524243522722022,0.078253957993115464,0.11562465156604404,0.092061681500580417,0.074475178207110027,0.089245102950179067,0.11225606301282444,0.11581821891648522,0.083613681920985367,0.16005753224068861,0.1182474303116319
97,0,0,0,0,0,0,0,0,0,0,0,0,0,0,0,0.010325098982667339,0.045194227986734559,0.013301166376991762,0.0065889943948456891,0.017075418548474643,0.035971760100042237,0.060288150949066824,0.040704237998780056,0.023118537718305628,0.01531902950570291,0.083545036051458452,0.041569565557129623,0.047209161094351991,0.025838083014461413,0.047849873169406081,0.051935763512752239,0.047165224918910655,0.064384559911893943,0.061087816519171501,0.088373516825038662,0.14510440709469855,0.085046794489588212,0.073899563398514376,0.10541431732635524,0.064482466120375295,0.09912839183955402,0.096620376617779044,0.090982118297040962,0.19799858121558961,0.13793622850771325,0.079707481816784082,0.080422248816104158,0.12866162018026051,0.14274208754109047,0.18380497306019808,0.089040560615767317,0.10993110488528098,0.17600916902372502,0.088684562172451922,0.10505775818774454,0.080661510481779664,0.085790100575230344,0.10977583242853525,0.15428545496631263,0.24662182272094374
98,0,0,0,0,0,0,0,0,0,0,0.027184291964728616,0,0,0,0,0,0,0.010081779170385273,0.034862245512005459,0.0038037117375876429,0.023634113606529221,0.010304683558523545,0.063160387203666027,0.025413608012049671,0.0083346896984284741,0.034975705341246555,0.022581479804365041,0.038275784224626609,0.021486376835472287,0.026827626141635055,0.058920713133773048,0.025728699876777599,0.029154854612556839,0.037540075047650827,0.046636171305794692,0.066855809208572758,0.07362711808154776,0.054577658239757486,0.074417205287353239,0.088680077750111622,0.088639714489356827,0.07342633217242546,0.10208963841475159,0.084614505775844881,0.067699899007808415,0.073444176068499942,0.19143395680491784,0.050547246957867491,0.077293537392229703,0.13968707681626086,0.052589044540868844,0.072690889011198634,0.077899631263509697,0.10481468592927423,0.074207527134404705,0.078827463279334972,0.1129176269309367,0.065622804406862537,0.16211667406409361,0.10811084962106975
99,0,0,0,0,0,0,0,0,0,0,0,0,0,0,0,0.015169649195286636,0,0.0091259457443047757,0.0044819779728950465,0,0,0.0095747316383481881,0.021455893064032953,0.02405796817851167,0.011280265027043736,0.019639199888710407,0.012164122720040253,0.031970990171360979,0.023122724545892561,0.036254274599388119,0.053584308929932399,0.044759343712637088,0.021391552788516861,0.032822548457157603,0.026156180606237377,0.028440260821563167,0.010386528692797837,0.10596189219952998,0.053270921007266138,0.04197582512848623,0.03027456783283668,0.029523556521704179,0.034524925288529462,0.043520262529468286,0.066293757279596827,0.08803068305512185,0.049427464701166907,0.091551959478578568,0.12366142783492337,0.088866807174446477,0.056435091429384944,0.037167629378910563,0.067023101097126794,0.077438611395650392,0.089383120630508212,0.067730949391473422,0.086473583080682814,0.057919852196013866,0.075975749967085976,0.12107559323870255
100,0,0,0,0,0,0,0,0,0,0,0,0,0,0,0,0,0,0,0,0.03354523476588378,0.0064196677957786179,0.030428245834352149,0,0.023841082526635259,0.011886945912537247,0.0033564996601204416,0.015977372279467696,0.021082916527105186,0.012178657914672019,0.013375924373850019,0.013117490242562303,0.021095110646842444,0.0038958314162824432,0.030480541794568456,0.019346244667909247,0.05124111847255762,0.013589763240149997,0.03257839210662971,0.047984152288054596,0.043096543812504585,0.036592437208185766,0.025245125434305706,0.038611246552827126,0.050613874214725553,0.070522613008284427,0.03691696232440015,0.14584654470880529,2.0599239860533664e-05,0.029465601647018849,0.069636538305236736,0.027166824883378057,0.077823860867441891,0.027313878590863039,0.088241005345150877,0.04023481380164709,0.13932198597286366,0.06810321247135051,0.062868515935621108,0.073096790787244056,0.1035986015228071
101,0,0,0,0,0,0,0,0,0,0,0,0,0,0,0,0,0.0081109305674049552,0,0.0093013419191515286,0,0,0.0041441141686057491,0,0.010089450749888713,0.0019029811290777736,0.031532232122005753,0.017254058789035073,0.01028029875873279,0.0072458529318186792,0.026152474328167998,0.0094716543286076683,0.0052554822563213406,0.028638158900718646,0.026164607437720748,0.0025463170251331154,0.0069599840614418618,0.020452429764038497,0.011039377746123307,0.0053671399192779757,0.013666562196059776,0.013685311430986712,0.026172506543656077,0.070936247468948568,0.044706840818213141,0.021798353836471704,0.060698214038421162,0.045969628257501935,0.033881756243758582,0.11153645343922787,0.072205053751048076,0.050220890146359637,0.038495939313402519,0.10935775459207282,0.07529538413331277,0.072227442636733932,0.090629355905577497,0.027752078026525455,0.036700017532781418,0.060961101641249266,0.062975604647457592
102,0,0,0,0,0,0,0,0,0,0,0,0,0,0,0,0,0.013009873515237675,0,0,0,0,0.0063359340698465501,0,0.012784386792974379,0.010929407384848067,0.050891183165774075,0.010525222829860721,0.014917495127270234,0.011294059833080183,0.0093477278357170807,0.0082666917600884692,0.0048271758517092001,0.030326754950706726,0.010364883321195334,0.0010151265602451121,0.011173649338508387,0.0071485919902729896,0.021318475244872181,0,0.0063538062803416683,0.015256408201076689,0.016141161314873732,0.021212139700867941,0.066845640769009326,0,0.041113362316110021,0.055031165087157385,0.018248267708677452,0.032791115273018832,0.11186064830262417,0.04270028115449296,0.0063025069040508076,0.046885485542888641,0.067628673114944707,0.078620508914921158,0.032128646504953812,0.060049340564844331,0.095967364293612231,0.089436705574666833,0.043950965868019456
103,0,0,0,0,0,0,0,0,0,0,0,0,0,0,0,0,7.3823869130718877e-08,0.021008329899302142,0.02109268194265251,0,0,0.019611046559610882,0.058854893201022843,0.023675077177180929,0.020552551235539892,0.045400072745900438,0.095890097342553424,0.049486456441677248,0.091816666156568402,0.022061291005928609,0.01372127758380347,0.028054127287354316,0.05702447780256141,0.072710795809437428,0.036293659039396041,0.06511231106365864,0.053352669124037688,0.028596602635364073,0.065482125045118619,0.12825012978910547,0.076595810332775044,0.10681433095513226,0.037379300883490459,0.05845503449298195,0.058464350338174022,0.17254886912095471,0.296035677810359,0.19291324029692028,0.12055374991499872,0.25285084380259892,0.34334432661717817,0.21195493074805599,0.1114169847351346,0.16413344115157924,0.16413607902826641,0.17169183353914752,0.25283681137232372,0.1842193318989345,0.22657047145454806,0.36281444714309569
